[RA][test0307_config][QP14],65.52880330905992
[RA][test0314_config][QP34],74.4036807939192
[RA][test0256_config][QP24],58.24242095419801
[RA][test0272_config][QP28],70.14067641270013
[RA][test0284_config][QP30],75.59332810992959
[RA][test0338_config][QP26],65.368492795591
[RA][test0276_config][QP42],66.48889998146339
[RA][test0315_config][QP40],64.22225998866705
[RA][test0261_config][QP30],61.382640579286424
[RA][test0256_config][QP40],58.377554843478734
[RA][test0304_config][QP40],70.81545485533412
[RA][test0263_config][QP14],62.776680282278804
[RA][test0269_config][QP14],69.11368928885754
[RA][test0265_config][QP28],70.49626221908758
[RA][test0251_config][QP32],69.03291623791353
[RA][test0298_config][QP32],55.9408602066354
[RA][test0317_config][QP46],55.37031265698343
[RA][test0258_config][QP40],70.80404189900214
[RA][test0322_config][QP34],61.92524364154329
[RA][test0256_config][QP50],58.44881013093171
[RA][test0278_config][QP22],67.3822971733941
[RA][test0329_config][QP34],69.54228689411933
[RA][test0311_config][QP26],76.22199924874012
[RA][test0289_config][QP48],67.3794494546019
[RA][test0296_config][QP24],65.00263106031379
[RA][test0302_config][QP12],57.25366068748192
[RA][test0301_config][QP36],65.1125050315072
[RA][test0343_config][QP40],65.87302333075127
[RA][test0339_config][QP32],73.87656332560724
[RA][test0337_config][QP24],78.13603311295373
[RA][test0283_config][QP24],42.79603533935547
[RA][test0270_config][QP30],43.79904944927702
[RA][test0315_config][QP20],64.56139033866224
[RA][test0336_config][QP26],73.74530941985958
[RA][test0281_config][QP36],68.73132382064003
[RA][test0257_config][QP18],69.21713559776275
[RA][test0313_config][QP16],56.67595526424455
[RA][test0291_config][QP18],70.88599045490531
[RA][test0308_config][QP32],63.90587939277304
[RA][test0261_config][QP22],61.32656366820787
[RA][test0317_config][QP30],55.42098745689863
[RA][test0269_config][QP20],69.18713724747018
[RA][test0327_config][QP12],61.07167913943946
[RA][test0338_config][QP38],65.80760548256454
[RA][test0298_config][QP26],55.9638572106381
[RA][test0343_config][QP18],65.63218211835697
[RA][test0294_config][QP42],66.82895980621464
[RA][test0268_config][QP26],32.84478330987373
[RA][test0271_config][QP28],75.31997945626969
[RA][test0297_config][QP42],70.70445532527971
[RA][test0314_config][QP10],73.94301691402231
[RA][test0326_config][QP44],60.15727854034047
[RA][test0287_config][QP14],62.20541676412198
[RA][test0292_config][QP38],59.63678793171698
[RA][test0322_config][QP14],61.84466786350831
[RA][test0308_config][QP16],63.833889617794334
[RA][test0324_config][QP42],70.39965023163218
[RA][test0280_config][QP42],77.6724157760055
[RA][test0267_config][QP38],62.98313833203728
[RA][test0251_config][QP46],69.45970481213229
[RA][test0319_config][QP24],29.80699842212818
[RA][test0324_config][QP48],70.38115642381204
[RA][test0312_config][QP14],33.671414828579124
[RA][test0321_config][QP36],57.88852579049318
[RA][test0274_config][QP16],53.07740160404409
[RA][test0334_config][QP16],52.291034500436034
[RA][test0285_config][QP20],53.856909637576756
[RA][test0288_config][QP12],75.31635834744928
[RA][test0309_config][QP32],67.66646215493788
[RA][test0304_config][QP36],70.79606054536796
[RA][test0301_config][QP16],65.0832932302216
[RA][test0297_config][QP24],70.63367396476337
[RA][test0274_config][QP34],53.037839222346804
[RA][test0270_config][QP34],43.83172420950682
[RA][test0306_config][QP40],60.94986546520343
[RA][test0309_config][QP22],67.61504363712264
[RA][test0274_config][QP46],52.749930676872346
[RA][test0305_config][QP38],63.36571573164826
[RA][test0320_config][QP30],48.32692144222809
[RA][test0317_config][QP12],55.35305775558409
[RA][test0325_config][QP24],60.38575984022352
[RA][test0255_config][QP44],61.87932927738394
[RA][test0277_config][QP10],72.01755241563585
[RA][test0311_config][QP20],76.10523288102013
[RA][test0347_config][QP36],59.41057489742075
[RA][test0276_config][QP18],66.30777989190499
[RA][test0273_config][QP12],73.9436866608294
[RA][test0330_config][QP20],64.21918228262442
[RA][test0293_config][QP50],69.51668338552719
[RA][test0321_config][QP38],57.86978365548844
[RA][test0297_config][QP50],70.65238506854023
[RA][test0261_config][QP44],61.202740181126224
[RA][test0272_config][QP44],70.25942220805604
[RA][test0269_config][QP26],69.29569054472495
[RA][test0307_config][QP30],66.33387910643526
[RA][test0315_config][QP18],64.55138715277778
[RA][test0303_config][QP44],52.47295962712794
[RA][test0335_config][QP40],63.88332127072684
[RA][test0299_config][QP36],48.7428756118586
[RA][test0335_config][QP38],63.812526007758244
[RA][test0296_config][QP18],64.90267703360098
[RA][test0289_config][QP40],67.57499775626728
[RA][test0259_config][QP16],75.67902761526854
[RA][test0308_config][QP38],63.879518708908016
[RA][test0256_config][QP30],58.29371359139902
[RA][test0291_config][QP10],70.80640472110701
[RA][test0270_config][QP40],43.84674834125032
[RA][test0283_config][QP38],43.08087514417358
[RA][test0307_config][QP50],68.57340932160052
[RA][test0315_config][QP48],63.84852027999815
[RA][test0337_config][QP20],78.07055505044568
[RA][test0345_config][QP40],69.8293092131438
[RA][test0258_config][QP48],71.27516086154515
[RA][test0345_config][QP44],69.98719157930853
[RA][test0311_config][QP46],76.4617627890002
[RA][test0314_config][QP36],74.52650842561447
[RA][test0325_config][QP40],60.47172897401661
[RA][test0259_config][QP36],75.95764935453438
[RA][test0257_config][QP22],69.22624051217286
[RA][test0335_config][QP50],64.21644130100832
[RA][test0336_config][QP22],73.69702994038147
[RA][test0285_config][QP12],53.846343977060826
[RA][test0282_config][QP44],68.70825626326196
[RA][test0328_config][QP20],62.61530851161627
[RA][test0295_config][QP22],53.76386493799029
[RA][test0319_config][QP34],29.868678242247782
[RA][test0306_config][QP34],61.14337277837055
[RA][test0343_config][QP22],65.61273411679366
[RA][test0258_config][QP22],70.69477484356915
[RA][test0309_config][QP48],67.59396777268398
[RA][test0340_config][QP24],69.71874381636003
[RA][test0285_config][QP24],53.902969287511254
[RA][test0269_config][QP22],69.19397148301866
[RA][test0313_config][QP26],56.724649248036826
[RA][test0313_config][QP22],56.69398744132587
[RA][test0324_config][QP40],70.21781827071077
[RA][test0341_config][QP34],66.3927774705926
[RA][test0285_config][QP32],54.0990552046662
[RA][test0323_config][QP18],48.42809523644467
[RA][test0302_config][QP40],57.55310694087778
[RA][test0302_config][QP30],57.42355977878649
[RA][test0312_config][QP48],34.54368159265086
[RA][test0282_config][QP22],68.12867958502122
[RA][test0275_config][QP46],68.9741513141899
[RA][test0256_config][QP10],58.144103335533615
[RA][test0306_config][QP24],61.152121320057304
[RA][test0268_config][QP20],32.813674619572645
[RA][test0284_config][QP46],76.37305776010521
[RA][test0297_config][QP48],70.68853537200802
[RA][test0330_config][QP16],64.20415796626841
[RA][test0337_config][QP10],77.80634525101273
[RA][test0339_config][QP12],73.6431473727756
[RA][test0279_config][QP28],58.37202293766477
[RA][test0251_config][QP20],68.46193656789521
[RA][test0287_config][QP18],62.21085385621624
[RA][test0321_config][QP16],57.66088214965318
[RA][test0281_config][QP40],68.5924166558662
[RA][test0342_config][QP10],59.53880275371536
[RA][test0275_config][QP10],67.54881352729954
[RA][test0310_config][QP30],50.57355328620314
[RA][test0340_config][QP26],69.78788398924776
[RA][test0267_config][QP16],62.30402159840776
[RA][test0319_config][QP44],29.885922111856594
[RA][test0330_config][QP50],65.07104172066896
[RA][test0299_config][QP46],50.84918611929937
[RA][test0318_config][QP42],74.21265227693786
[RA][test0317_config][QP20],55.39873225183055
[RA][test0264_config][QP12],69.30074984653301
[RA][test0338_config][QP34],65.71201460071454
[RA][test0286_config][QP28],48.88789578410333
[RA][test0344_config][QP30],71.24633847811978
[RA][test0302_config][QP28],57.417803422841516
[RA][test0318_config][QP38],73.91037256638013
[RA][test0276_config][QP30],66.49178378258222
[RA][test0272_config][QP10],69.92974604376647
[RA][test0319_config][QP10],29.76066583829652
[RA][test0305_config][QP30],63.309859765574764
[RA][test0313_config][QP48],58.446832797077946
[RA][test0267_config][QP32],62.94841749855324
[RA][test0344_config][QP44],71.52954114121174
[RA][test0252_config][QP16],64.62821585170919
[RA][test0256_config][QP44],58.36070373987268
[RA][test0259_config][QP42],76.13989677724328
[RA][test0301_config][QP18],65.0962477409457
[RA][test0325_config][QP12],60.24839721604336
[RA][test0307_config][QP34],66.65209078841347
[RA][test0257_config][QP44],69.2892769147457
[RA][test0348_config][QP20],72.30320227000547
[RA][test0285_config][QP50],54.77683170673386
[RA][test0266_config][QP36],62.130913437580375
[RA][test0328_config][QP44],63.2708705321261
[RA][test0326_config][QP48],60.460077285327046
[RA][test0345_config][QP24],69.57079796860934
[RA][test0310_config][QP46],50.49347419443641
[RA][test0269_config][QP32],69.41148334569107
[RA][test0292_config][QP32],59.558719990043485
[RA][test0295_config][QP48],53.60652601504228
[RA][test0282_config][QP16],67.8789121216825
[RA][test0318_config][QP28],73.16505585972665
[RA][test0337_config][QP22],78.10003730252741
[RA][test0292_config][QP10],59.46331764378175
[RA][test0271_config][QP32],75.32589333792478
[RA][test0271_config][QP38],75.30249394671907
[RA][test0273_config][QP20],74.10596119369696
[RA][test0319_config][QP46],29.879509581012492
[RA][test0260_config][QP48],67.39407644314237
[RA][test0344_config][QP26],71.13041516464924
[RA][test0301_config][QP46],65.31387824491021
[RA][test0284_config][QP40],76.06363760011774
[RA][test0264_config][QP20],69.48298882453824
[RA][test0326_config][QP30],59.8892990602093
[RA][test0341_config][QP26],66.15294021543652
[RA][test0284_config][QP18],75.23377962314936
[RA][test0297_config][QP40],70.66568380197282
[RA][test0347_config][QP32],59.347536839614676
[RA][test0325_config][QP42],60.44229109122822
[RA][test0312_config][QP32],33.88247189268262
[RA][test0268_config][QP48],33.38920639578109
[RA][test0317_config][QP50],55.32186851897063
[RA][test0310_config][QP12],50.641867748872734
[RA][test0326_config][QP14],59.816720018928436
[RA][test0297_config][QP34],70.7834965606815
[RA][test0316_config][QP16],74.16200123075006
[RA][test0304_config][QP16],70.53549104692122
[RA][test0316_config][QP46],74.33085222710504
[RA][test0325_config][QP34],60.465520076547634
[RA][test0333_config][QP12],66.0052661951638
[RA][test0281_config][QP30],68.58005548673403
[RA][test0260_config][QP44],67.25590207650141
[RA][test0299_config][QP30],48.4098601734805
[RA][test0289_config][QP28],67.90154882033862
[RA][test0295_config][QP24],53.76559855746046
[RA][test0317_config][QP10],55.32525430762522
[RA][test0300_config][QP36],62.19872533526637
[RA][test0317_config][QP36],55.466636860411846
[RA][test0348_config][QP30],72.4554419982659
[RA][test0300_config][QP48],62.07963825467584
[RA][test0276_config][QP46],66.11084605979134
[RA][test0340_config][QP22],69.59781678074967
[RA][test0346_config][QP18],69.9047160807794
[RA][test0255_config][QP26],61.969035481268484
[RA][test0336_config][QP34],73.7855658682364
[RA][test0269_config][QP18],69.15063636107897
[RA][test0269_config][QP50],70.48332072191278
[RA][test0348_config][QP34],72.58503987379035
[RA][test0270_config][QP16],43.692358552406844
[RA][test0345_config][QP30],69.71038335227182
[RA][test0304_config][QP28],70.63569440149378
[RA][test0304_config][QP44],71.02792911306625
[RA][test0306_config][QP46],60.76388114219634
[RA][test0283_config][QP32],42.91312542699492
[RA][test0343_config][QP14],65.6168017578125
[RA][test0330_config][QP46],64.92501336293162
[RA][test0311_config][QP10],75.83224259088462
[RA][test0264_config][QP42],69.97117487350903
[RA][test0332_config][QP26],71.99095842827691
[RA][test0315_config][QP34],64.65176488454057
[RA][test0335_config][QP20],63.65845571635682
[RA][test0298_config][QP12],56.04565507501045
[RA][test0271_config][QP24],75.31203113596725
[RA][test0343_config][QP12],65.60448636630336
[RA][test0266_config][QP46],62.35916662647891
[RA][test0252_config][QP30],64.61003657889661
[RA][test0259_config][QP44],76.17257911688408
[RA][test0342_config][QP38],60.01111863074283
[RA][test0347_config][QP12],59.07996149284457
[RA][test0342_config][QP12],59.56507409065152
[RA][test0274_config][QP20],53.10648599582248
[RA][test0315_config][QP14],64.5180395276733
[RA][test0312_config][QP34],33.89191303017699
[RA][test0316_config][QP34],74.38540976065177
[RA][test0331_config][QP22],61.39553934808425
[RA][test0261_config][QP36],61.38791555271227
[RA][test0289_config][QP18],68.01844386448488
[RA][test0305_config][QP10],63.035769228837125
[RA][test0274_config][QP12],53.05497236539111
[RA][test0316_config][QP38],74.37125989523052
[RA][test0264_config][QP34],70.04496435823165
[RA][test0273_config][QP18],74.07269808344586
[RA][test0294_config][QP32],66.6520002700115
[RA][test0253_config][QP50],58.43759933107478
[RA][test0277_config][QP28],72.19981982597696
[RA][test0331_config][QP38],61.36976797171385
[RA][test0329_config][QP48],69.77374879964192
[RA][test0278_config][QP42],67.42285874204282
[RA][test0285_config][QP36],54.1855631412459
[RA][test0274_config][QP26],53.099246670444316
[RA][test0309_config][QP14],67.57930877911603
[RA][test0321_config][QP12],57.48730224734962
[RA][test0266_config][QP12],61.951286677105436
[RA][test0317_config][QP16],55.38949175523044
[RA][test0341_config][QP28],66.28015549949363
[RA][test0343_config][QP38],65.72416055988579
[RA][test0335_config][QP18],63.65538635530197
[RA][test0269_config][QP34],69.36831072445466
[RA][test0324_config][QP32],70.08382373448752
[RA][test0256_config][QP20],58.21830909283171
[RA][test0265_config][QP14],70.12575017933787
[RA][test0295_config][QP50],53.56408784290204
[RA][test0274_config][QP18],53.09031089148502
[RA][test0277_config][QP30],72.20178331891597
[RA][test0278_config][QP46],67.35514301943681
[RA][test0294_config][QP46],67.00502602458687
[RA][test0274_config][QP36],53.046610856421196
[RA][test0301_config][QP26],65.14679882335271
[RA][test0329_config][QP46],69.6683237802011
[RA][test0263_config][QP24],62.76290668151604
[RA][test0327_config][QP38],61.356296549981515
[RA][test0265_config][QP42],70.85543428347238
[RA][test0338_config][QP12],64.61256329119647
[RA][test0290_config][QP36],31.72493348976418
[RA][test0286_config][QP32],49.112248805418915
[RA][test0263_config][QP22],62.769087473928195
[RA][test0307_config][QP26],66.00393573123634
[RA][test0334_config][QP42],52.69911602682734
[RA][test0276_config][QP26],66.44480925433626
[RA][test0266_config][QP30],62.01859597790879
[RA][test0314_config][QP50],75.00956694476595
[RA][test0260_config][QP22],66.55090708967295
[RA][test0270_config][QP12],43.616776744198894
[RA][test0271_config][QP44],75.34231567935394
[RA][test0309_config][QP38],67.66888176033429
[RA][test0280_config][QP38],77.56677768785767
[RA][test0333_config][QP42],66.51605337386269
[RA][test0301_config][QP12],65.0490747150688
[RA][test0303_config][QP26],51.429010370953094
[RA][test0287_config][QP22],62.21486594670299
[RA][test0277_config][QP34],72.29414207778743
[RA][test0272_config][QP36],70.18600705069083
[RA][test0310_config][QP44],50.48769397500121
[RA][test0259_config][QP20],75.70254327417696
[RA][test0331_config][QP40],61.32400770499775
[RA][test0261_config][QP18],61.273616527918435
[RA][test0256_config][QP46],58.360971910767105
[RA][test0269_config][QP28],69.33430751922984
[RA][test0261_config][QP12],61.14824594254356
[RA][test0310_config][QP24],50.611729603457356
[RA][test0267_config][QP10],62.17119940411603
[RA][test0290_config][QP28],31.67657875695248
[RA][test0252_config][QP10],64.5897624509207
[RA][test0319_config][QP18],29.78336992026749
[RA][test0294_config][QP22],66.54208714790501
[RA][test0347_config][QP42],59.4638559110665
[RA][test0306_config][QP18],61.08761398905688
[RA][test0281_config][QP26],68.54561489001615
[RA][test0262_config][QP46],41.28236782422478
[RA][test0311_config][QP14],75.92279984989872
[RA][test0252_config][QP38],64.53567696879823
[RA][test0332_config][QP22],71.87336799326454
[RA][test0312_config][QP28],33.84116260895906
[RA][test0293_config][QP32],69.47776799733354
[RA][test0301_config][QP24],65.14093278245966
[RA][test0260_config][QP14],66.4418896190502
[RA][test0262_config][QP30],40.51079534635819
[RA][test0288_config][QP48],76.20963689607848
[RA][test0275_config][QP18],67.74183558585712
[RA][test0318_config][QP20],72.86520557796023
[RA][test0265_config][QP34],70.65638227122115
[RA][test0262_config][QP32],40.54072262334628
[RA][test0273_config][QP50],74.04705790302292
[RA][test0301_config][QP50],65.43535392127018
[RA][test0279_config][QP16],58.29291482606739
[RA][test0314_config][QP38],74.54083546278211
[RA][test0266_config][QP14],61.96060710012177
[RA][test0299_config][QP12],48.02959153766397
[RA][test0326_config][QP22],59.89209865491576
[RA][test0346_config][QP10],69.84772137024177
[RA][test0323_config][QP20],48.44950718130104
[RA][test0302_config][QP10],57.22897839405704
[RA][test0337_config][QP38],78.1971914024824
[RA][test0260_config][QP34],66.75781047127178
[RA][test0328_config][QP18],62.59951076454194
[RA][test0323_config][QP44],48.705909585583846
[RA][test0268_config][QP38],32.974630859375
[RA][test0282_config][QP32],68.5216278462979
[RA][test0283_config][QP14],42.5966499387639
[RA][test0275_config][QP40],68.18673910484785
[RA][test0305_config][QP20],63.22343932402183
[RA][test0306_config][QP48],60.50766052899145
[RA][test0333_config][QP20],66.1751367519049
[RA][test0254_config][QP36],62.92788959016525
[RA][test0339_config][QP36],74.06733119559583
[RA][test0292_config][QP16],59.532808602792244
[RA][test0328_config][QP38],62.77678482821743
[RA][test0335_config][QP48],64.06240285237631
[RA][test0310_config][QP50],50.53700320673185
[RA][test0296_config][QP44],65.38612287883994
[RA][test0300_config][QP20],62.009591033307615
[RA][test0312_config][QP10],33.62597481106731
[RA][test0327_config][QP26],61.18999568710013
[RA][test0303_config][QP18],51.19727672862614
[RA][test0324_config][QP46],70.23468039053458
[RA][test0302_config][QP36],57.56110902988763
[RA][test0253_config][QP18],58.79562223257057
[RA][test0307_config][QP42],67.41544835169914
[RA][test0281_config][QP44],68.36165666945972
[RA][test0333_config][QP28],66.3097604598685
[RA][test0325_config][QP32],60.44077813996994
[RA][test0267_config][QP26],62.82610735229994
[RA][test0280_config][QP48],77.64420227477777
[RA][test0268_config][QP28],32.86569156499164
[RA][test0325_config][QP48],60.54108764974963
[RA][test0296_config][QP28],65.05790590312942
[RA][test0296_config][QP16],64.86230246561938
[RA][test0276_config][QP38],66.55527336013857
[RA][test0317_config][QP26],55.4184746254501
[RA][test0325_config][QP28],60.40132800820433
[RA][test0292_config][QP14],59.51133402531628
[RA][test0348_config][QP10],72.15418135303136
[RA][test0346_config][QP32],69.99895297957056
[RA][test0303_config][QP34],51.89239748128255
[RA][test0339_config][QP18],73.66684980805323
[RA][test0336_config][QP16],73.62097961174608
[RA][test0320_config][QP22],48.312176794735
[RA][test0333_config][QP46],66.62474039763777
[RA][test0344_config][QP50],71.37600287267112
[RA][test0345_config][QP46],69.82621610112446
[RA][test0257_config][QP12],69.18340072317869
[RA][test0256_config][QP26],58.254300518271364
[RA][test0272_config][QP22],70.08955370289995
[RA][test0347_config][QP28],59.289146768201036
[RA][test0261_config][QP20],61.314154729898085
[RA][test0305_config][QP16],63.137543613763505
[RA][test0287_config][QP36],62.25264501727069
[RA][test0305_config][QP46],63.59201965407383
[RA][test0283_config][QP34],42.9481978907958
[RA][test0266_config][QP10],61.941422372323494
[RA][test0257_config][QP34],69.28555108391404
[RA][test0275_config][QP32],68.15475364251785
[RA][test0279_config][QP38],58.47079843679671
[RA][test0258_config][QP26],70.70266873935024
[RA][test0289_config][QP46],67.46210437212657
[RA][test0274_config][QP50],52.73413549980509
[RA][test0314_config][QP28],74.24301939461162
[RA][test0325_config][QP16],60.28660378186889
[RA][test0290_config][QP22],31.655847436473202
[RA][test0321_config][QP34],57.88908629918981
[RA][test0300_config][QP24],62.061268514499744
[RA][test0305_config][QP18],63.188601599673675
[RA][test0318_config][QP34],73.59450749853315
[RA][test0294_config][QP18],66.52768829596877
[RA][test0313_config][QP44],57.3769274985231
[RA][test0303_config][QP30],51.62285271387925
[RA][test0315_config][QP46],64.31839428509998
[RA][test0265_config][QP44],70.89840594909417
[RA][test0307_config][QP38],66.96791191044561
[RA][test0307_config][QP48],68.06908567904249
[RA][test0260_config][QP18],66.50116204055347
[RA][test0302_config][QP24],57.380779251914944
[RA][test0335_config][QP22],63.65708285735958
[RA][test0320_config][QP12],48.17364338539657
[RA][test0292_config][QP18],59.55156378952466
[RA][test0310_config][QP42],50.50245442231104
[RA][test0318_config][QP12],72.54780154732912
[RA][test0284_config][QP28],75.4702181258339
[RA][test0297_config][QP12],70.51397287477093
[RA][test0342_config][QP42],60.29423123332208
[RA][test0341_config][QP18],66.05348370712971
[RA][test0329_config][QP32],69.52675494987582
[RA][test0309_config][QP40],67.67377043522336
[RA][test0336_config][QP42],73.7791321579419
[RA][test0258_config][QP28],70.70787882863739
[RA][test0275_config][QP36],68.29261339251985
[RA][test0287_config][QP20],62.21505488467118
[RA][test0294_config][QP34],66.63504338243273
[RA][test0275_config][QP12],67.60635275657873
[RA][test0267_config][QP18],62.38179816452466
[RA][test0302_config][QP22],57.36684759521484
[RA][test0303_config][QP24],51.3068831885067
[RA][test0332_config][QP40],72.73100707455231
[RA][test0338_config][QP48],66.87060218038677
[RA][test0323_config][QP46],48.71930393222134
[RA][test0290_config][QP30],31.678338557992944
[RA][test0253_config][QP14],58.734167283297566
[RA][test0342_config][QP48],60.609495224187405
[RA][test0303_config][QP40],52.15695084082835
[RA][test0331_config][QP32],61.38444659222889
[RA][test0268_config][QP42],33.14858572726779
[RA][test0302_config][QP38],57.526145642441485
[RA][test0284_config][QP38],75.86715463947563
[RA][test0322_config][QP20],61.85952069895552
[RA][test0315_config][QP24],64.56828846470711
[RA][test0340_config][QP44],70.95608091578856
[RA][test0309_config][QP50],67.51953894746255
[RA][test0322_config][QP10],61.82524711652842
[RA][test0334_config][QP14],52.24001682812098
[RA][test0327_config][QP24],61.16133457036273
[RA][test0302_config][QP34],57.480639665266125
[RA][test0275_config][QP38],68.13445770489729
[RA][test0299_config][QP10],47.97682898803209
[RA][test0315_config][QP30],64.67282749154047
[RA][test0254_config][QP34],62.968623847616065
[RA][test0302_config][QP48],57.664743269555366
[RA][test0271_config][QP22],75.2937311308433
[RA][test0311_config][QP28],76.25672593205456
[RA][test0253_config][QP22],58.82365183537487
[RA][test0306_config][QP16],61.03731799366641
[RA][test0287_config][QP38],62.269887975370935
[RA][test0274_config][QP48],52.76710799630875
[RA][test0281_config][QP12],68.26938304885425
[RA][test0316_config][QP40],74.3470332410522
[RA][test0278_config][QP28],67.40957898752974
[RA][test0311_config][QP22],76.14601577168531
[RA][test0303_config][QP16],51.1799979644901
[RA][test0274_config][QP24],53.105269820853024
[RA][test0262_config][QP34],40.57639159226908
[RA][test0314_config][QP48],74.84297066745836
[RA][test0343_config][QP30],65.56944105963059
[RA][test0283_config][QP22],42.77159998035823
[RA][test0271_config][QP16],75.24025097882306
[RA][test0270_config][QP36],43.862086950733826
[RA][test0267_config][QP50],63.06785733572249
[RA][test0333_config][QP48],66.52566152640135
[RA][test0268_config][QP50],33.85539648136092
[RA][test0335_config][QP42],63.916690768520525
[RA][test0282_config][QP14],67.71318996526773
[RA][test0320_config][QP48],48.19406038059815
[RA][test0294_config][QP10],66.48117327353395
[RA][test0308_config][QP36],63.897100300102075
[RA][test0286_config][QP38],49.466525687260884
[RA][test0342_config][QP40],60.04793564006036
[RA][test0286_config][QP50],50.633166178385416
[RA][test0289_config][QP44],67.66048531413765
[RA][test0335_config][QP44],63.959000244140626
[RA][test0303_config][QP48],52.624296475131814
[RA][test0295_config][QP16],53.73956190019772
[RA][test0331_config][QP44],61.29211080216773
[RA][test0279_config][QP40],58.60158584607285
[RA][test0274_config][QP38],53.01406681817451
[RA][test0276_config][QP14],66.23072855304984
[RA][test0260_config][QP26],66.59890946075063
[RA][test0284_config][QP32],75.58212764962907
[RA][test0266_config][QP32],62.07298091156885
[RA][test0253_config][QP48],58.46359537860886
[RA][test0265_config][QP22],70.37225055810748
[RA][test0263_config][QP10],62.750216492452736
[RA][test0277_config][QP16],72.05140944743843
[RA][test0344_config][QP42],71.622333658603
[RA][test0260_config][QP28],66.64220252343951
[RA][test0264_config][QP44],70.12372171384709
[RA][test0322_config][QP12],61.83553433114511
[RA][test0305_config][QP26],63.2910252873927
[RA][test0253_config][QP20],58.84431004703977
[RA][test0320_config][QP20],48.30491021602929
[RA][test0340_config][QP34],70.31599319646388
[RA][test0342_config][QP44],60.23340137246214
[RA][test0332_config][QP30],72.28602874002338
[RA][test0347_config][QP24],59.21946637038243
[RA][test0281_config][QP28],68.54436915443954
[RA][test0261_config][QP40],61.31194054246439
[RA][test0273_config][QP48],74.19613215743956
[RA][test0278_config][QP32],67.44914916514958
[RA][test0329_config][QP28],69.44491036698456
[RA][test0327_config][QP18],61.130390662173674
[RA][test0340_config][QP14],69.31592962571132
[RA][test0277_config][QP12],72.02892592115363
[RA][test0288_config][QP40],75.78108195238153
[RA][test0310_config][QP34],50.54807821919005
[RA][test0304_config][QP22],70.58590129736127
[RA][test0333_config][QP26],66.27260179659369
[RA][test0266_config][QP40],62.16292285834418
[RA][test0333_config][QP40],66.42707195341636
[RA][test0276_config][QP28],66.47075618489583
[RA][test0266_config][QP50],62.436483926655335
[RA][test0289_config][QP26],67.90950853688432
[RA][test0252_config][QP32],64.60313590067797
[RA][test0261_config][QP46],60.97523843923812
[RA][test0254_config][QP16],63.172784422572256
[RA][test0348_config][QP12],72.19143200507773
[RA][test0256_config][QP48],58.310031729992524
[RA][test0277_config][QP36],72.28927724478764
[RA][test0260_config][QP10],66.36603532026628
[RA][test0290_config][QP38],31.74435490059558
[RA][test0271_config][QP42],75.27259236578294
[RA][test0320_config][QP36],48.33736471545058
[RA][test0343_config][QP16],65.63196162571535
[RA][test0346_config][QP12],69.85829666125137
[RA][test0300_config][QP12],61.55090583481023
[RA][test0338_config][QP44],66.11333193253883
[RA][test0266_config][QP26],61.985379033092606
[RA][test0319_config][QP20],29.79594537755393
[RA][test0279_config][QP46],59.032276046690136
[RA][test0317_config][QP44],55.43700449701003
[RA][test0328_config][QP36],62.67080585947547
[RA][test0255_config][QP14],61.971200187023776
[RA][test0301_config][QP34],65.11183537612726
[RA][test0347_config][QP44],59.47865928593388
[RA][test0331_config][QP24],61.39490358504935
[RA][test0318_config][QP16],72.72513969314637
[RA][test0299_config][QP20],48.17277378663114
[RA][test0332_config][QP18],71.77460903516227
[RA][test0339_config][QP38],74.11596646356779
[RA][test0259_config][QP28],75.75847923950698
[RA][test0323_config][QP38],48.63328843406395
[RA][test0304_config][QP30],70.62494739749108
[RA][test0253_config][QP32],58.87676462909714
[RA][test0347_config][QP22],59.18655172591347
[RA][test0260_config][QP42],67.18874069979947
[RA][test0306_config][QP30],61.18318867423603
[RA][test0256_config][QP22],58.23566940395528
[RA][test0343_config][QP26],65.61191094543709
[RA][test0330_config][QP22],64.23143059900856
[RA][test0252_config][QP20],64.63557343006526
[RA][test0311_config][QP44],76.43181758425364
[RA][test0262_config][QP44],40.95529632040895
[RA][test0340_config][QP30],70.02079267336998
[RA][test0327_config][QP16],61.11414737428265
[RA][test0288_config][QP10],75.27929694206333
[RA][test0325_config][QP38],60.4928840324496
[RA][test0348_config][QP22],72.3298279933851
[RA][test0267_config][QP42],63.06529387774683
[RA][test0267_config][QP40],63.00856620430652
[RA][test0283_config][QP48],43.45978676426264
[RA][test0334_config][QP12],52.20441434908894
[RA][test0317_config][QP22],55.40350364377371
[RA][test0341_config][QP20],66.09527280404048
[RA][test0301_config][QP38],65.16687411863225
[RA][test0297_config][QP32],70.69160296329451
[RA][test0287_config][QP12],62.19927854787568
[RA][test0284_config][QP20],75.25549759074396
[RA][test0325_config][QP46],60.55102155972705
[RA][test0259_config][QP22],75.7170724399394
[RA][test0290_config][QP44],31.823226395469636
[RA][test0265_config][QP36],70.71288389731828
[RA][test0347_config][QP16],59.11718756404924
[RA][test0251_config][QP38],69.20706071239833
[RA][test0319_config][QP12],29.763954042034385
[RA][test0284_config][QP24],75.34063686041185
[RA][test0301_config][QP30],65.15341804334852
[RA][test0283_config][QP40],43.04919747108491
[RA][test0254_config][QP22],63.16651939235106
[RA][test0273_config][QP38],74.36141524628063
[RA][test0273_config][QP36],74.3282602383335
[RA][test0258_config][QP10],70.66022324600533
[RA][test0306_config][QP36],61.09428207234198
[RA][test0334_config][QP36],52.57178596854504
[RA][test0254_config][QP40],62.710262632016786
[RA][test0288_config][QP34],75.60564409998513
[RA][test0278_config][QP12],67.29858976563504
[RA][test0260_config][QP20],66.53347581274716
[RA][test0306_config][QP20],61.1253130967882
[RA][test0321_config][QP28],57.84295910870588
[RA][test0290_config][QP26],31.66570188646356
[RA][test0289_config][QP20],68.05175460978693
[RA][test0295_config][QP10],53.659321924029065
[RA][test0323_config][QP42],48.7126345752355
[RA][test0302_config][QP46],57.568336923104745
[RA][test0313_config][QP28],56.74058242458767
[RA][test0331_config][QP14],61.362237371499646
[RA][test0345_config][QP28],69.6515846502359
[RA][test0306_config][QP28],61.17940849850501
[RA][test0286_config][QP30],49.01001768487373
[RA][test0251_config][QP16],68.28582664382998
[RA][test0308_config][QP18],63.84547320883166
[RA][test0328_config][QP30],62.672012809094085
[RA][test0286_config][QP26],48.781689757044916
[RA][test0330_config][QP40],64.63949461810579
[RA][test0318_config][QP36],73.76268584175267
[RA][test0298_config][QP20],56.02555999806094
[RA][test0337_config][QP14],77.91110447385184
[RA][test0341_config][QP12],65.98269808445055
[RA][test0341_config][QP44],66.50697299031073
[RA][test0287_config][QP30],62.23590932009348
[RA][test0308_config][QP20],63.857580575448495
[RA][test0264_config][QP38],70.17166540577578
[RA][test0297_config][QP28],70.62762005715703
[RA][test0258_config][QP24],70.70261102721916
[RA][test0340_config][QP36],70.26456496903533
[RA][test0313_config][QP18],56.680822113916214
[RA][test0316_config][QP18],74.19718028177645
[RA][test0259_config][QP14],75.6675753354673
[RA][test0303_config][QP42],52.05743263903959
[RA][test0314_config][QP20],74.09010230647586
[RA][test0319_config][QP38],29.89628045026363
[RA][test0319_config][QP32],29.857037899315603
[RA][test0332_config][QP20],71.82822649367847
[RA][test0254_config][QP32],63.05456964010859
[RA][test0287_config][QP28],62.2318405882282
[RA][test0316_config][QP10],74.03090227342142
[RA][test0255_config][QP22],61.97075059402528
[RA][test0271_config][QP14],75.19654972632138
[RA][test0266_config][QP28],61.99675115489567
[RA][test0340_config][QP32],70.08990589358483
[RA][test0294_config][QP30],66.58839397264018
[RA][test0345_config][QP50],69.53312872540509
[RA][test0298_config][QP28],55.972776946142375
[RA][test0344_config][QP34],71.35649407029642
[RA][test0265_config][QP30],70.5275791849521
[RA][test0254_config][QP26],63.162694724754054
[RA][test0293_config][QP20],69.37215805367678
[RA][test0305_config][QP48],63.6493784089265
[RA][test0317_config][QP42],55.45521688805098
[RA][test0297_config][QP18],70.5605276099939
[RA][test0327_config][QP46],61.989787553449716
[RA][test0264_config][QP14],69.33602715285815
[RA][test0323_config][QP34],48.602942134904275
[RA][test0286_config][QP36],49.42592851050106
[RA][test0266_config][QP34],62.069257777586884
[RA][test0293_config][QP22],69.37936840996134
[RA][test0263_config][QP46],62.422575963903356
[RA][test0294_config][QP44],66.99858084872524
[RA][test0346_config][QP22],69.92844554533782
[RA][test0310_config][QP10],50.644378856768824
[RA][test0323_config][QP28],48.50830944974923
[RA][test0288_config][QP38],75.73915568912962
[RA][test0309_config][QP12],67.57054449035896
[RA][test0326_config][QP20],59.88214919880683
[RA][test0273_config][QP46],74.19664936081372
[RA][test0312_config][QP22],33.78976938983933
[RA][test0346_config][QP48],70.12217541051794
[RA][test0322_config][QP42],62.14753855588309
[RA][test0297_config][QP16],70.54626496240435
[RA][test0289_config][QP30],67.841152743367
[RA][test0292_config][QP40],59.63567190463847
[RA][test0251_config][QP40],69.30740236861618
[RA][test0299_config][QP24],48.23101720312299
[RA][test0257_config][QP14],69.19559085045331
[RA][test0343_config][QP24],65.60580528353468
[RA][test0292_config][QP26],59.582463094829045
[RA][test0278_config][QP40],67.42200266670886
[RA][test0303_config][QP10],51.12223192128625
[RA][test0338_config][QP24],65.27065245225694
[RA][test0297_config][QP22],70.59004022216797
[RA][test0340_config][QP46],70.76687882863739
[RA][test0314_config][QP30],74.32908490417229
[RA][test0328_config][QP48],62.830306413313
[RA][test0280_config][QP12],77.07925459973998
[RA][test0268_config][QP10],32.773324856730646
[RA][test0311_config][QP16],75.99350640341676
[RA][test0275_config][QP16],67.71732727904771
[RA][test0338_config][QP50],66.11618232934269
[RA][test0318_config][QP10],72.47197714547366
[RA][test0332_config][QP46],73.04515492179462
[RA][test0271_config][QP36],75.3234355184924
[RA][test0265_config][QP32],70.5801163596322
[RA][test0273_config][QP28],74.22741969757708
[RA][test0253_config][QP46],58.49093666384348
[RA][test0344_config][QP36],71.44057114061897
[RA][test0312_config][QP42],34.440096596297906
[RA][test0320_config][QP18],48.28674697386188
[RA][test0264_config][QP36],70.06335754721057
[RA][test0292_config][QP48],59.84682757166482
[RA][test0316_config][QP20],74.22921059389468
[RA][test0278_config][QP38],67.44662089130418
[RA][test0308_config][QP40],63.82479299487204
[RA][test0296_config][QP38],65.42843496138961
[RA][test0283_config][QP26],42.81935367587368
[RA][test0267_config][QP48],63.04961897635754
[RA][test0338_config][QP10],64.56272693725083
[RA][test0256_config][QP14],58.17122305059237
[RA][test0324_config][QP34],70.12672304782946
[RA][test0263_config][QP40],62.613131349665636
[RA][test0310_config][QP16],50.636805482715246
[RA][test0339_config][QP14],73.65066737949701
[RA][test0329_config][QP16],69.27870929959772
[RA][test0317_config][QP34],55.452286394032924
[RA][test0348_config][QP16],72.2526578763483
[RA][test0254_config][QP20],63.17551876517088
[RA][test0307_config][QP16],65.60515203631365
[RA][test0258_config][QP42],70.9352593024611
[RA][test0258_config][QP18],70.67800955036932
[RA][test0303_config][QP46],52.96940902923458
[RA][test0322_config][QP36],61.95030458728178
[RA][test0264_config][QP50],69.8084623526114
[RA][test0261_config][QP42],61.279858567728425
[RA][test0328_config][QP50],62.81339691614222
[RA][test0257_config][QP28],69.24762764410325
[RA][test0303_config][QP14],51.1670526841403
[RA][test0280_config][QP34],77.45977848282175
[RA][test0287_config][QP46],62.45392575035566
[RA][test0252_config][QP50],63.88383232537415
[RA][test0321_config][QP44],57.825233900282115
[RA][test0261_config][QP50],60.50558620299037
[RA][test0279_config][QP34],58.436529982327436
[RA][test0285_config][QP14],53.853856171031055
[RA][test0339_config][QP10],73.63764791229625
[RA][test0330_config][QP48],64.99752038825392
[RA][test0332_config][QP14],71.66835292813022
[RA][test0345_config][QP26],69.61323259744526
[RA][test0295_config][QP20],53.76044313005361
[RA][test0291_config][QP14],70.85848382920003
[RA][test0280_config][QP50],77.74247007494012
[RA][test0342_config][QP18],59.64000412853853
[RA][test0253_config][QP24],58.877600214703094
[RA][test0273_config][QP40],74.23926552704233
[RA][test0286_config][QP34],49.35665779145166
[RA][test0255_config][QP12],61.968811485007954
[RA][test0287_config][QP48],62.43577991300355
[RA][test0252_config][QP42],64.41861618054551
[RA][test0260_config][QP50],67.86946263417687
[RA][test0300_config][QP38],62.18233504960174
[RA][test0251_config][QP24],68.61912003580728
[RA][test0304_config][QP32],70.73375730839481
[RA][test0306_config][QP12],60.89837815549246
[RA][test0299_config][QP42],48.76488876556271
[RA][test0312_config][QP12],33.644820972835085
[RA][test0252_config][QP18],64.62967523896646
[RA][test0315_config][QP42],64.3144821774832
[RA][test0339_config][QP50],74.67847287175685
[RA][test0348_config][QP18],72.28171518132716
[RA][test0319_config][QP26],29.818382370183496
[RA][test0262_config][QP24],40.4115472226241
[RA][test0276_config][QP40],66.56287416158291
[RA][test0324_config][QP28],70.01979121179149
[RA][test0255_config][QP16],61.96951721141171
[RA][test0319_config][QP40],29.89529677905173
[RA][test0338_config][QP14],64.67606027058417
[RA][test0321_config][QP10],57.41724114638591
[RA][test0329_config][QP20],69.35032182355967
[RA][test0254_config][QP24],63.165118674447015
[RA][test0313_config][QP40],57.13693845420806
[RA][test0256_config][QP42],58.4031720691571
[RA][test0265_config][QP12],70.07952274827997
[RA][test0275_config][QP22],67.79240880292727
[RA][test0270_config][QP48],43.68692818271967
[RA][test0310_config][QP14],50.6393796592681
[RA][test0254_config][QP42],62.58148580040951
[RA][test0286_config][QP44],50.42183170397095
[RA][test0280_config][QP10],77.05224999949765
[RA][test0331_config][QP48],61.3959314416956
[RA][test0291_config][QP28],70.92785851674022
[RA][test0300_config][QP44],62.19283596136148
[RA][test0295_config][QP12],53.696160354677055
[RA][test0294_config][QP40],66.70882801398132
[RA][test0254_config][QP50],62.240121976122445
[RA][test0277_config][QP42],72.14067724810313
[RA][test0290_config][QP42],31.781855691038533
[RA][test0310_config][QP48],50.47057393617983
[RA][test0277_config][QP26],72.14324336048017
[RA][test0293_config][QP10],69.29808920175059
[RA][test0260_config][QP16],66.4746352363241
[RA][test0287_config][QP50],62.60447994505329
[RA][test0325_config][QP36],60.497512756096484
[RA][test0331_config][QP10],61.31876583472986
[RA][test0317_config][QP14],55.37139813483596
[RA][test0292_config][QP36],59.54903714931158
[RA][test0276_config][QP12],66.21000379020785
[RA][test0261_config][QP26],61.362403372556585
[RA][test0258_config][QP46],71.05363670820071
[RA][test0341_config][QP40],66.51166217970358
[RA][test0333_config][QP32],66.3653011223436
[RA][test0264_config][QP16],69.37209736915871
[RA][test0263_config][QP16],62.77079210848082
[RA][test0311_config][QP18],76.04531412835769
[RA][test0338_config][QP18],64.89523955846715
[RA][test0268_config][QP30],32.879085425859614
[RA][test0328_config][QP32],62.692600505561984
[RA][test0344_config][QP20],71.0037057402183
[RA][test0251_config][QP50],69.23666346043716
[RA][test0255_config][QP28],61.97232030596949
[RA][test0263_config][QP36],62.66980436348621
[RA][test0287_config][QP40],62.314361113371675
[RA][test0295_config][QP18],53.751407553841545
[RA][test0262_config][QP36],40.72803685543861
[RA][test0337_config][QP30],78.20236186161748
[RA][test0345_config][QP10],69.28361603109728
[RA][test0328_config][QP10],62.50060806211621
[RA][test0280_config][QP14],77.10719525246954
[RA][test0335_config][QP14],63.645590862007296
[RA][test0346_config][QP40],70.15257952453864
[RA][test0317_config][QP32],55.4387905145339
[RA][test0345_config][QP14],69.33111989389427
[RA][test0293_config][QP26],69.42117810108829
[RA][test0294_config][QP26],66.54507934520078
[RA][test0290_config][QP40],31.741910327801488
[RA][test0294_config][QP20],66.53076606606064
[RA][test0334_config][QP38],52.56919126408581
[RA][test0264_config][QP18],69.42036718021598
[RA][test0291_config][QP22],70.90109479412817
[RA][test0312_config][QP50],34.84860045080617
[RA][test0335_config][QP10],63.63940522496102
[RA][test0278_config][QP34],67.40437856867284
[RA][test0293_config][QP36],69.48702974471732
[RA][test0272_config][QP26],70.1298027949078
[RA][test0304_config][QP20],70.57500514478645
[RA][test0306_config][QP22],61.14043969023277
[RA][test0297_config][QP26],70.65300430260176
[RA][test0343_config][QP42],65.79892898521894
[RA][test0344_config][QP14],70.81568438168121
[RA][test0324_config][QP22],69.93653899066439
[RA][test0331_config][QP18],61.38979664819035
[RA][test0291_config][QP16],70.87720365196196
[RA][test0262_config][QP18],40.35007794817387
[RA][test0322_config][QP16],61.850177734375
[RA][test0287_config][QP26],62.226526283044386
[RA][test0298_config][QP40],55.877026764795126
[RA][test0338_config][QP36],65.81077620744117
[RA][test0289_config][QP14],67.99132650040991
[RA][test0318_config][QP14],72.62678194449468
[RA][test0331_config][QP42],61.360725042900434
[RA][test0270_config][QP14],43.65124691006382
[RA][test0278_config][QP50],67.40835705264998
[RA][test0329_config][QP30],69.49067183029112
[RA][test0302_config][QP14],57.269798102484806
[RA][test0303_config][QP28],51.422424710748615
[RA][test0295_config][QP30],53.766218081627365
[RA][test0313_config][QP38],56.96349659534344
[RA][test0313_config][QP24],56.70350638784401
[RA][test0344_config][QP48],71.28098287474079
[RA][test0295_config][QP40],53.716840320728444
[RA][test0341_config][QP46],66.5583645079813
[RA][test0347_config][QP18],59.14129219136807
[RA][test0274_config][QP22],53.10647329598886
[RA][test0278_config][QP14],67.31465701406974
[RA][test0328_config][QP46],62.74946057154023
[RA][test0291_config][QP42],71.0636435016899
[RA][test0282_config][QP24],68.20631373552236
[RA][test0257_config][QP42],69.36893557676464
[RA][test0332_config][QP32],72.32101848988474
[RA][test0291_config][QP36],70.94833652775769
[RA][test0259_config][QP38],75.89198812502009
[RA][test0282_config][QP42],68.99316778514219
[RA][test0267_config][QP14],62.240325260115256
[RA][test0324_config][QP14],69.8825475001708
[RA][test0285_config][QP38],54.14528031789521
[RA][test0276_config][QP50],64.88173224906764
[RA][test0301_config][QP22],65.12509133119936
[RA][test0273_config][QP22],74.12900309797374
[RA][test0309_config][QP26],67.63803334252628
[RA][test0282_config][QP20],68.06387103824066
[RA][test0314_config][QP32],74.3237096929354
[RA][test0266_config][QP22],61.98613394855766
[RA][test0264_config][QP30],69.7550829206553
[RA][test0256_config][QP34],58.332235203621316
[RA][test0344_config][QP24],71.09307654662584
[RA][test0320_config][QP14],48.21118732518325
[RA][test0296_config][QP30],65.097868581764
[RA][test0342_config][QP16],59.62159966664255
[RA][test0283_config][QP30],42.89844281357502
[RA][test0300_config][QP50],61.96894195782697
[RA][test0343_config][QP34],65.70436000092432
[RA][test0271_config][QP20],75.28662761697652
[RA][test0311_config][QP38],76.38532119688183
[RA][test0304_config][QP42],70.86347108742042
[RA][test0301_config][QP20],65.11130020556038
[RA][test0316_config][QP48],74.50738458076131
[RA][test0256_config][QP18],58.20075361388407
[RA][test0280_config][QP20],77.20629361577289
[RA][test0337_config][QP40],78.19869473329395
[RA][test0326_config][QP16],59.84841345390665
[RA][test0297_config][QP44],70.5913188129943
[RA][test0339_config][QP16],73.65350586264026
[RA][test0287_config][QP44],62.426350072036556
[RA][test0343_config][QP32],65.6109540475602
[RA][test0269_config][QP12],69.08579624932686
[RA][test0324_config][QP16],69.89190218048724
[RA][test0347_config][QP20],59.16154295820071
[RA][test0312_config][QP26],33.83539830764331
[RA][test0345_config][QP48],69.79008711550364
[RA][test0268_config][QP34],32.94576548685458
[RA][test0272_config][QP16],70.03435584676609
[RA][test0302_config][QP50],57.59976108026701
[RA][test0272_config][QP50],70.03835221178345
[RA][test0339_config][QP40],74.27475931903855
[RA][test0329_config][QP40],69.63148435766902
[RA][test0278_config][QP16],67.33806782965013
[RA][test0278_config][QP26],67.40437089833704
[RA][test0278_config][QP20],67.37103267340012
[RA][test0283_config][QP28],42.85860433897167
[RA][test0323_config][QP22],48.45469371980895
[RA][test0324_config][QP50],70.28424006633993
[RA][test0344_config][QP28],71.17982640596868
[RA][test0284_config][QP14],75.14880021158854
[RA][test0344_config][QP18],70.95434183756511
[RA][test0284_config][QP34],75.72142200837312
[RA][test0308_config][QP24],63.887787487642264
[RA][test0288_config][QP30],75.5032029886128
[RA][test0348_config][QP36],72.57304080865805
[RA][test0271_config][QP12],75.1612782406905
[RA][test0324_config][QP24],69.96132777084539
[RA][test0273_config][QP30],74.27325808577675
[RA][test0322_config][QP28],61.897090369204925
[RA][test0314_config][QP26],74.22463830064059
[RA][test0335_config][QP36],63.78393636067708
[RA][test0286_config][QP20],48.58306557888455
[RA][test0337_config][QP42],78.22416894129373
[RA][test0344_config][QP22],71.03569461222833
[RA][test0321_config][QP48],57.747792606809014
[RA][test0334_config][QP20],52.35165892549993
[RA][test0297_config][QP14],70.52122703169206
[RA][test0282_config][QP10],67.4610505491657
[RA][test0319_config][QP14],29.768744117265864
[RA][test0290_config][QP46],31.73743856874317
[RA][test0330_config][QP36],64.45869623104143
[RA][test0281_config][QP14],68.32579704127684
[RA][test0281_config][QP48],68.45287454788773
[RA][test0283_config][QP42],43.11928138940128
[RA][test0330_config][QP42],64.69503779959973
[RA][test0252_config][QP28],64.62544885354376
[RA][test0315_config][QP50],64.22932899280438
[RA][test0304_config][QP26],70.61041443122268
[RA][test0296_config][QP42],65.45104846316993
[RA][test0333_config][QP10],65.97319851245017
[RA][test0304_config][QP34],70.75833720215849
[RA][test0336_config][QP46],73.84901171824765
[RA][test0293_config][QP38],69.5025588200573
[RA][test0251_config][QP34],69.14544650657874
[RA][test0346_config][QP24],69.95579013425726
[RA][test0253_config][QP34],58.933057051544814
[RA][test0272_config][QP48],70.01732682593075
[RA][test0255_config][QP30],61.97471290896066
[RA][test0330_config][QP14],64.19331731951678
[RA][test0413_config][QP42],72.04562629052936
[RA][test0496_config][QP10],58.38968108804334
[RA][test0366_config][QP36],68.01909963800878
[RA][test0483_config][QP16],71.0933898918246
[RA][test0465_config][QP36],70.0226254385489
[RA][test0469_config][QP32],73.78540099695779
[RA][test0409_config][QP48],68.33339434161402
[RA][test0479_config][QP26],75.75626414784875
[RA][test0436_config][QP34],59.40153385366432
[RA][test0397_config][QP48],69.28670437182517
[RA][test0350_config][QP30],58.799854150591564
[RA][test0408_config][QP36],71.16846691618241
[RA][test0433_config][QP46],49.33365012387876
[RA][test0352_config][QP24],62.72168770721812
[RA][test0445_config][QP26],58.752998171457044
[RA][test0422_config][QP50],84.07841332857109
[RA][test0395_config][QP22],63.783571562841594
[RA][test0468_config][QP26],56.90307725292567
[RA][test0456_config][QP16],75.01715331930781
[RA][test0408_config][QP24],71.0820679341383
[RA][test0378_config][QP48],54.49171549027054
[RA][test0460_config][QP26],59.219879299838844
[RA][test0399_config][QP46],61.27478470112365
[RA][test0380_config][QP14],68.13445728493522
[RA][test0401_config][QP40],68.34457760331267
[RA][test0482_config][QP10],62.48151296030053
[RA][test0476_config][QP46],66.4054645757479
[RA][test0471_config][QP12],59.98390180171762
[RA][test0453_config][QP18],46.79820965952932
[RA][test0438_config][QP12],63.91595208991408
[RA][test0415_config][QP24],58.8796540193283
[RA][test0409_config][QP28],68.00142630971901
[RA][test0364_config][QP12],63.343026548032405
[RA][test0447_config][QP20],73.67133200688617
[RA][test0431_config][QP40],67.53540437349183
[RA][test0431_config][QP40],67.2879814510895
[RA][test0361_config][QP14],53.60398020928779
[RA][test0371_config][QP42],34.200386793850875
[RA][test0462_config][QP42],59.594678589620706
[RA][test0400_config][QP48],60.86124447996038
[RA][test0426_config][QP42],52.44690719139821
[RA][test0455_config][QP12],62.436815600736644
[RA][test0404_config][QP20],68.94499547862614
[RA][test0355_config][QP44],69.97549849321028
[RA][test0454_config][QP24],68.29622801026396
[RA][test0441_config][QP48],67.6587926296658
[RA][test0476_config][QP24],65.63844296026033
[RA][test0393_config][QP16],67.30063887356731
[RA][test0365_config][QP18],81.28457906514234
[RA][test0380_config][QP36],68.29392754172494
[RA][test0463_config][QP44],59.04672332638085
[RA][test0467_config][QP12],35.37664504992324
[RA][test0484_config][QP20],77.58112459711774
[RA][test0458_config][QP12],78.35730903204772
[RA][test0391_config][QP36],36.761805876555265
[RA][test0401_config][QP38],68.16706010681906
[RA][test0411_config][QP42],74.72697225989825
[RA][test0465_config][QP32],69.82610269227833
[RA][test0474_config][QP10],52.263314984859264
[RA][test0472_config][QP46],54.171194411791895
[RA][test0357_config][QP40],69.89462467498151
[RA][test0486_config][QP28],68.74507543392731
[RA][test0498_config][QP38],52.53603098074203
[RA][test0417_config][QP40],67.83824358101049
[RA][test0379_config][QP44],32.43916567980605
[RA][test0369_config][QP28],73.96534269180611
[RA][test0488_config][QP20],50.6860334967468
[RA][test0417_config][QP26],68.34460247225036
[RA][test0383_config][QP48],67.95014318696953
[RA][test0481_config][QP16],74.63583651293845
[RA][test0469_config][QP20],73.68627877744824
[RA][test0484_config][QP10],77.55429072175203
[RA][test0472_config][QP14],54.24983462712794
[RA][test0498_config][QP26],52.469028709631395
[RA][test0355_config][QP48],70.12976135957192
[RA][test0432_config][QP38],73.55310095390665
[RA][test0451_config][QP18],62.811490552109454
[RA][test0375_config][QP24],72.23376590932838
[RA][test0410_config][QP16],40.11636886860412
[RA][test0395_config][QP30],63.84942133045589
[RA][test0445_config][QP14],58.67738156542366
[RA][test0481_config][QP40],74.97723714695056
[RA][test0463_config][QP16],58.62008663375289
[RA][test0367_config][QP40],55.28571980819388
[RA][test0472_config][QP38],54.359230158048405
[RA][test0463_config][QP12],58.61981247211974
[RA][test0366_config][QP44],67.81638107362598
[RA][test0462_config][QP14],59.3840237851241
[RA][test0463_config][QP34],58.70701014514813
[RA][test0389_config][QP32],72.22945748989278
[RA][test0373_config][QP34],76.33696126930018
[RA][test0486_config][QP48],67.95042326499406
[RA][test0417_config][QP22],68.33894410058795
[RA][test0455_config][QP26],62.58224486827458
[RA][test0486_config][QP16],68.58463319026492
[RA][test0388_config][QP42],68.92901705116303
[RA][test0406_config][QP32],72.43676934688867
[RA][test0450_config][QP12],71.63947498035823
[RA][test0376_config][QP30],60.44878346108017
[RA][test0432_config][QP22],73.07195099479769
[RA][test0363_config][QP20],71.00096990539802
[RA][test0415_config][QP14],58.853250651544016
[RA][test0392_config][QP22],54.50653708978347
[RA][test0500_config][QP24],62.48611441931705
[RA][test0464_config][QP14],57.41078476843814
[RA][test0399_config][QP18],61.03803990418234
[RA][test0402_config][QP28],70.39651724331075
[RA][test0466_config][QP20],60.17287827555339
[RA][test0440_config][QP34],56.05385656436873
[RA][test0419_config][QP20],56.53678901829347
[RA][test0449_config][QP38],52.85861374416273
[RA][test0350_config][QP40],58.63270402445224
[RA][test0452_config][QP48],74.38694181691865
[RA][test0432_config][QP32],73.41233187577362
[RA][test0382_config][QP18],66.96735282841435
[RA][test0480_config][QP14],60.667442717626756
[RA][test0414_config][QP30],69.97946905969691
[RA][test0441_config][QP18],67.42477788226594
[RA][test0455_config][QP10],62.4231834696703
[RA][test0356_config][QP30],63.24220632294078
[RA][test0429_config][QP22],59.859030155637136
[RA][test0396_config][QP12],63.18871916443624
[RA][test0458_config][QP36],78.70247485251093
[RA][test0403_config][QP20],71.97183626176496
[RA][test0375_config][QP14],72.07581528199749
[RA][test0472_config][QP30],54.34330300639588
[RA][test0394_config][QP22],72.00326760198648
[RA][test0447_config][QP50],74.28429852571213
[RA][test0401_config][QP46],68.53884818346314
[RA][test0416_config][QP12],61.679557560422296
[RA][test0454_config][QP30],68.32870615088694
[RA][test0474_config][QP34],52.47090174118482
[RA][test0494_config][QP32],57.2150336833687
[RA][test0421_config][QP18],52.26411254958165
[RA][test0414_config][QP20],69.84548927690169
[RA][test0488_config][QP34],50.685903191460504
[RA][test0500_config][QP46],62.69631984883375
[RA][test0432_config][QP12],72.86090438327868
[RA][test0496_config][QP16],58.65871423239374
[RA][test0401_config][QP28],67.91199505238474
[RA][test0424_config][QP20],61.49453828788098
[RA][test0453_config][QP24],46.74234998086058
[RA][test0372_config][QP28],70.30705874972874
[RA][test0466_config][QP38],60.22296248397513
[RA][test0384_config][QP26],68.36139112081645
[RA][test0480_config][QP38],61.21829109298643
[RA][test0374_config][QP10],54.57625624467512
[RA][test0356_config][QP38],63.39601484837159
[RA][test0462_config][QP32],59.54012869149667
[RA][test0476_config][QP36],65.90757042075577
[RA][test0481_config][QP48],74.91189596946936
[RA][test0448_config][QP14],74.45771972153904
[RA][test0364_config][QP48],63.86242737017345
[RA][test0352_config][QP40],63.75936770416385
[RA][test0388_config][QP18],69.74494088858145
[RA][test0422_config][QP12],83.57874048881374
[RA][test0435_config][QP20],77.1254351377134
[RA][test0362_config][QP28],61.737903858828446
[RA][test0413_config][QP28],72.33136509120611
[RA][test0448_config][QP42],74.65557418609745
[RA][test0379_config][QP30],32.07374865948712
[RA][test0466_config][QP36],60.31767386077755
[RA][test0498_config][QP36],52.545567213019226
[RA][test0400_config][QP20],60.12459456304856
[RA][test0365_config][QP36],81.59253950783058
[RA][test0491_config][QP32],72.80885722168973
[RA][test0498_config][QP40],52.56955372173796
[RA][test0460_config][QP18],59.25760902988763
[RA][test0378_config][QP46],54.43368982787584
[RA][test0357_config][QP30],69.79710516910004
[RA][test0456_config][QP12],74.82419320289392
[RA][test0384_config][QP32],68.42719481693472
[RA][test0368_config][QP10],67.65997354163653
[RA][test0446_config][QP42],70.70459771326638
[RA][test0438_config][QP48],64.01130258241504
[RA][test0398_config][QP42],55.22989008748875
[RA][test0393_config][QP50],68.59076339784473
[RA][test0423_config][QP22],72.48727423648285
[RA][test0403_config][QP32],72.16057275290156
[RA][test0415_config][QP36],58.893640813631286
[RA][test0467_config][QP14],35.395029996895495
[RA][test0353_config][QP44],71.70265185170115
[RA][test0434_config][QP16],69.56568422871656
[RA][test0495_config][QP34],73.14309615146966
[RA][test0432_config][QP40],73.72292545748738
[RA][test0400_config][QP46],60.59147538449637
[RA][test0357_config][QP32],69.82401336167575
[RA][test0415_config][QP38],58.79688375088413
[RA][test0368_config][QP50],68.73466113632892
[RA][test0468_config][QP12],56.79696390611939
[RA][test0449_config][QP36],52.935357544196485
[RA][test0437_config][QP48],56.79027170289593
[RA][test0398_config][QP48],55.36316512471266
[RA][test0446_config][QP10],70.55208638207706
[RA][test0395_config][QP16],63.722943876038855
[RA][test0462_config][QP36],59.54657718937878
[RA][test0359_config][QP18],65.11719888041932
[RA][test0403_config][QP30],72.10382945144715
[RA][test0454_config][QP18],68.24889061721362
[RA][test0469_config][QP48],73.37815492355284
[RA][test0491_config][QP10],72.12009737995916
[RA][test0410_config][QP48],40.584969023527925
[RA][test0405_config][QP44],65.97725611280904
[RA][test0424_config][QP48],60.86519441631302
[RA][test0430_config][QP44],52.82667296233001
[RA][test0425_config][QP40],56.396543300047824
[RA][test0393_config][QP40],67.74303573369784
[RA][test0376_config][QP36],60.5124158460829
[RA][test0449_config][QP40],52.77024409591612
[RA][test0373_config][QP24],76.09818620093075
[RA][test0442_config][QP12],69.07893834469643
[RA][test0432_config][QP20],73.04406896671249
[RA][test0427_config][QP30],55.49695500905229
[RA][test0396_config][QP48],63.33994234940643
[RA][test0357_config][QP10],69.59502848533347
[RA][test0363_config][QP10],70.86279972280495
[RA][test0447_config][QP14],73.53495840215487
[RA][test0473_config][QP16],63.69080462897658
[RA][test0436_config][QP44],59.431295486764164
[RA][test0453_config][QP36],46.592137669692804
[RA][test0404_config][QP28],69.19057553866665
[RA][test0451_config][QP46],63.0319220814646
[RA][test0471_config][QP26],60.15738655498489
[RA][test0484_config][QP30],77.58405707992742
[RA][test0399_config][QP20],61.08968462280776
[RA][test0368_config][QP36],68.02909118250466
[RA][test0452_config][QP44],74.07191361315064
[RA][test0458_config][QP40],78.57487198390882
[RA][test0360_config][QP34],43.2948685116866
[RA][test0446_config][QP34],70.69428931317114
[RA][test0446_config][QP18],70.64198599356192
[RA][test0493_config][QP12],62.65902654753006
[RA][test0485_config][QP12],74.43841065030824
[RA][test0397_config][QP28],69.22340525007837
[RA][test0422_config][QP48],84.12891683168765
[RA][test0381_config][QP12],71.28578087524916
[RA][test0363_config][QP34],71.14756636380169
[RA][test0366_config][QP12],67.8364637468754
[RA][test0489_config][QP26],52.16378702146428
[RA][test0452_config][QP36],73.84153692702306
[RA][test0354_config][QP36],56.498595218109
[RA][test0384_config][QP46],68.43386996196229
[RA][test0392_config][QP36],53.90753961633753
[RA][test0496_config][QP14],58.55987169656636
[RA][test0442_config][QP38],69.4964747050721
[RA][test0384_config][QP10],68.28179429042487
[RA][test0390_config][QP48],67.39706237290622
[RA][test0415_config][QP26],58.8698559442214
[RA][test0356_config][QP26],63.20629458756309
[RA][test0486_config][QP32],68.73136249457465
[RA][test0421_config][QP40],52.21353802967464
[RA][test0492_config][QP28],65.90158642804181
[RA][test0472_config][QP36],54.32234013435772
[RA][test0465_config][QP46],70.66366416497878
[RA][test0376_config][QP40],60.580116404341084
[RA][test0465_config][QP22],69.18663106081614
[RA][test0371_config][QP20],34.45690116474167
[RA][test0473_config][QP44],63.80722446595494
[RA][test0498_config][QP18],52.40852760773333
[RA][test0492_config][QP16],65.72345546719272
[RA][test0477_config][QP12],68.19391255872436
[RA][test0423_config][QP50],72.76097580445843
[RA][test0404_config][QP50],69.51603239509991
[RA][test0386_config][QP44],62.98967361035759
[RA][test0383_config][QP46],67.6305343218517
[RA][test0397_config][QP38],69.22489508106875
[RA][test0348_config][QP42],72.55330748255851
[RA][test0443_config][QP24],66.35498935652367
[RA][test0382_config][QP26],67.12307065535181
[RA][test0489_config][QP32],52.28562132809486
[RA][test0468_config][QP32],56.9218199477961
[RA][test0371_config][QP36],34.3216121436853
[RA][test0365_config][QP40],81.6865187252343
[RA][test0462_config][QP46],59.607831337006495
[RA][test0482_config][QP24],62.617240053781266
[RA][test0423_config][QP18],72.45717705168548
[RA][test0483_config][QP40],71.5555669186439
[RA][test0435_config][QP34],77.36310630766943
[RA][test0463_config][QP14],58.61995339099272
[RA][test0408_config][QP20],71.04228112792968
[RA][test0419_config][QP26],56.76060875686206
[RA][test0359_config][QP38],65.69498264391235
[RA][test0473_config][QP46],63.932700541178384
[RA][test0439_config][QP22],48.0992136928731
[RA][test0435_config][QP28],77.22311951989695
[RA][test0492_config][QP48],64.9808522946707
[RA][test0428_config][QP32],70.63391522267031
[RA][test0405_config][QP20],66.39659910602334
[RA][test0442_config][QP14],69.09497609029386
[RA][test0472_config][QP44],54.15801819123947
[RA][test0380_config][QP30],68.27957061918282
[RA][test0402_config][QP14],69.96171678984214
[RA][test0448_config][QP28],74.62651404913757
[RA][test0457_config][QP40],66.37350309219674
[RA][test0445_config][QP46],58.55503976302284
[RA][test0419_config][QP28],56.9991406126925
[RA][test0373_config][QP28],76.18883966215157
[RA][test0472_config][QP16],54.26009025994446
[RA][test0379_config][QP18],31.74272970945256
[RA][test0362_config][QP48],61.66677467126414
[RA][test0478_config][QP22],62.20409803100084
[RA][test0401_config][QP18],67.74132609928586
[RA][test0446_config][QP26],70.68524704042285
[RA][test0422_config][QP28],83.78639762897257
[RA][test0408_config][QP40],71.15197220865885
[RA][test0400_config][QP40],60.42345692550597
[RA][test0354_config][QP44],56.423287281428834
[RA][test0374_config][QP46],54.97751515480324
[RA][test0406_config][QP16],72.35962986749092
[RA][test0380_config][QP40],68.36817413706838
[RA][test0470_config][QP40],63.6694979019479
[RA][test0348_config][QP40],72.58536606877331
[RA][test0495_config][QP22],72.93554736730003
[RA][test0426_config][QP26],53.86790623618546
[RA][test0475_config][QP10],64.78615074226788
[RA][test0382_config][QP12],66.88525419082956
[RA][test0440_config][QP28],56.1861912603182
[RA][test0492_config][QP12],65.6737255555455
[RA][test0368_config][QP26],67.83276966211139
[RA][test0440_config][QP20],56.194543297536086
[RA][test0366_config][QP10],67.8128031312291
[RA][test0464_config][QP48],58.173091125739454
[RA][test0480_config][QP20],60.690754371674466
[RA][test0384_config][QP12],68.29721769255964
[RA][test0411_config][QP18],74.42752220474055
[RA][test0444_config][QP28],56.52433813602149
[RA][test0458_config][QP10],78.33608174315401
[RA][test0455_config][QP36],62.85940816268607
[RA][test0433_config][QP24],49.17308203953873
[RA][test0404_config][QP42],69.66545963290493
[RA][test0427_config][QP10],56.04293705994406
[RA][test0394_config][QP50],72.80117159293218
[RA][test0485_config][QP32],74.7669726487148
[RA][test0427_config][QP14],56.06019950232486
[RA][test0415_config][QP12],58.834604074234825
[RA][test0484_config][QP40],77.54873863314405
[RA][test0364_config][QP18],63.383723334669575
[RA][test0401_config][QP30],67.9620475900909
[RA][test0480_config][QP10],60.63645381321534
[RA][test0364_config][QP36],63.64849846131125
[RA][test0351_config][QP50],40.216678822458526
[RA][test0406_config][QP36],72.46940027232229
[RA][test0414_config][QP48],69.87814474424512
[RA][test0379_config][QP14],31.724694065674832
[RA][test0374_config][QP26],54.8300388721105
[RA][test0392_config][QP40],53.49852759090471
[RA][test0440_config][QP38],56.31016236808369
[RA][test0488_config][QP50],50.733251786094634
[RA][test0389_config][QP38],72.0405533198604
[RA][test0393_config][QP12],67.26750578000419
[RA][test0367_config][QP46],55.284442181873715
[RA][test0404_config][QP30],69.269750375002
[RA][test0466_config][QP10],60.02879393652143
[RA][test0370_config][QP26],60.061709137590825
[RA][test0368_config][QP20],67.7600557303723
[RA][test0439_config][QP38],48.903029346105
[RA][test0400_config][QP22],60.144003510400594
[RA][test0379_config][QP22],31.815532511644403
[RA][test0386_config][QP46],63.4697848749357
[RA][test0394_config][QP24],72.05635946466893
[RA][test0394_config][QP32],72.31158799687138
[RA][test0386_config][QP28],62.243370490682466
[RA][test0366_config][QP34],67.9859209780595
[RA][test0404_config][QP36],69.42211459162206
[RA][test0390_config][QP50],67.39603195328576
[RA][test0378_config][QP16],54.81497636984994
[RA][test0358_config][QP36],55.90754714074154
[RA][test0447_config][QP12],73.48025944688585
[RA][test0388_config][QP26],69.67615167186094
[RA][test0459_config][QP22],70.38015047552163
[RA][test0475_config][QP32],64.94392161227253
[RA][test0492_config][QP34],65.97466482255096
[RA][test0389_config][QP10],72.26440442823873
[RA][test0354_config][QP50],56.681731421702196
[RA][test0484_config][QP32],77.57407334466627
[RA][test0352_config][QP16],62.61961336438842
[RA][test0408_config][QP34],71.13759083312235
[RA][test0463_config][QP38],58.76582345216853
[RA][test0369_config][QP12],73.30074791475775
[RA][test0436_config][QP16],58.879297059361335
[RA][test0398_config][QP10],53.99025763215744
[RA][test0410_config][QP20],40.18779978032367
[RA][test0424_config][QP42],61.13984810986931
[RA][test0448_config][QP44],74.68458546328446
[RA][test0428_config][QP36],70.69649238115475
[RA][test0394_config][QP20],71.94379001746158
[RA][test0420_config][QP20],52.132173677672085
[RA][test0396_config][QP44],63.37594320716387
[RA][test0461_config][QP16],68.47461989464779
[RA][test0485_config][QP26],74.64619025788484
[RA][test0455_config][QP46],62.93677405940554
[RA][test0365_config][QP10],81.17445141676914
[RA][test0380_config][QP12],68.10418551924592
[RA][test0499_config][QP16],62.1115459732872
[RA][test0415_config][QP40],58.813602159288195
[RA][test0428_config][QP40],70.70635615621183
[RA][test0410_config][QP40],40.52515304050524
[RA][test0473_config][QP40],63.81278323979633
[RA][test0409_config][QP32],68.04526942625948
[RA][test0419_config][QP36],57.2750741486726
[RA][test0477_config][QP16],68.32366700901612
[RA][test0358_config][QP24],55.72932038534031
[RA][test0363_config][QP24],71.03726252602158
[RA][test0393_config][QP44],68.65669795559856
[RA][test0491_config][QP18],72.3702520505803
[RA][test0462_config][QP26],59.53840356997894
[RA][test0354_config][QP24],56.54934184007684
[RA][test0479_config][QP42],75.91617840601289
[RA][test0374_config][QP50],55.408259455928096
[RA][test0433_config][QP10],49.08313590193384
[RA][test0404_config][QP48],69.5143222646203
[RA][test0496_config][QP22],58.84593445577739
[RA][test0483_config][QP26],71.22964916288902
[RA][test0463_config][QP18],58.62520701090495
[RA][test0409_config][QP40],68.22005520165212
[RA][test0412_config][QP26],61.751482086809574
[RA][test0483_config][QP10],71.0308488922747
[RA][test0489_config][QP36],52.36050724761084
[RA][test0416_config][QP30],62.180058481475456
[RA][test0497_config][QP22],63.4501394912029
[RA][test0369_config][QP42],75.89676506186905
[RA][test0361_config][QP12],53.57134501566318
[RA][test0379_config][QP20],31.77648342732245
[RA][test0496_config][QP34],59.0693932856807
[RA][test0449_config][QP32],53.093489454230166
[RA][test0430_config][QP12],52.47613908179012
[RA][test0400_config][QP32],60.2885958518197
[RA][test0420_config][QP34],52.184315246079684
[RA][test0357_config][QP18],69.67119918685097
[RA][test0485_config][QP10],74.40525591136792
[RA][test0430_config][QP46],52.80950581541964
[RA][test0359_config][QP34],65.59667996529787
[RA][test0422_config][QP42],83.98246835917406
[RA][test0350_config][QP22],58.850843547303
[RA][test0426_config][QP24],53.91497603729625
[RA][test0493_config][QP10],62.60700918064196
[RA][test0475_config][QP18],64.84717163412463
[RA][test0357_config][QP42],69.99298176204226
[RA][test0472_config][QP40],54.25560837457602
[RA][test0434_config][QP38],69.87009388764307
[RA][test0379_config][QP48],33.27958750432018
[RA][test0498_config][QP14],52.35711707020199
[RA][test0434_config][QP32],69.78361507764275
[RA][test0421_config][QP26],52.31182268558706
[RA][test0489_config][QP24],52.12050483835479
[RA][test0444_config][QP22],56.39799164245354
[RA][test0448_config][QP46],74.76867272949218
[RA][test0426_config][QP48],51.30391942781676
[RA][test0456_config][QP44],76.23084396525567
[RA][test0356_config][QP12],62.990695627220376
[RA][test0399_config][QP48],61.345069432136945
[RA][test0427_config][QP22],55.9011115393619
[RA][test0406_config][QP24],72.3890005872436
[RA][test0486_config][QP36],68.69498106151941
[RA][test0461_config][QP30],68.49566626277971
[RA][test0395_config][QP42],64.01051493653348
[RA][test0444_config][QP12],56.24612637216074
[RA][test0398_config][QP50],55.357713312094106
[RA][test0416_config][QP14],61.688748007440765
[RA][test0441_config][QP42],67.92477585579829
[RA][test0467_config][QP40],35.91487837577161
[RA][test0391_config][QP30],36.60579976902086
[RA][test0386_config][QP42],62.821975287041056
[RA][test0354_config][QP42],56.38567666939944
[RA][test0464_config][QP24],57.407448420018326
[RA][test0476_config][QP20],65.5674224755558
[RA][test0387_config][QP28],63.83424383293748
[RA][test0425_config][QP18],56.378872897175604
[RA][test0375_config][QP36],72.42210587389283
[RA][test0370_config][QP48],60.23359093635465
[RA][test0422_config][QP22],83.73851533062468
[RA][test0469_config][QP18],73.64448822147071
[RA][test0369_config][QP20],73.56242479037061
[RA][test0357_config][QP22],69.70159033303594
[RA][test0396_config][QP34],63.443447582354764
[RA][test0495_config][QP38],73.24892326499405
[RA][test0428_config][QP18],70.1762725576393
[RA][test0387_config][QP20],63.72579186785663
[RA][test0417_config][QP32],68.24523489819437
[RA][test0467_config][QP36],35.6580759322555
[RA][test0472_config][QP12],54.23392618865339
[RA][test0353_config][QP12],69.68064267206388
[RA][test0500_config][QP42],62.43418692757563
[RA][test0362_config][QP36],61.6417864633568
[RA][test0439_config][QP32],48.60259751082055
[RA][test0451_config][QP34],63.074390438126926
[RA][test0464_config][QP34],57.526754563571004
[RA][test0417_config][QP38],68.06154680617847
[RA][test0445_config][QP12],58.67130150613667
[RA][test0475_config][QP30],65.02255789548772
[RA][test0387_config][QP30],63.89462018098556
[RA][test0369_config][QP32],74.18268085495434
[RA][test0450_config][QP46],72.10595785710841
[RA][test0429_config][QP24],59.86848583381558
[RA][test0416_config][QP24],61.96254173247412
[RA][test0470_config][QP18],62.826448665414816
[RA][test0369_config][QP44],75.91204113367654
[RA][test0377_config][QP26],69.49997457421071
[RA][test0434_config][QP22],69.60569911978764
[RA][test0385_config][QP30],31.00113676345888
[RA][test0444_config][QP14],56.26453138010786
[RA][test0487_config][QP44],69.86504645227502
[RA][test0459_config][QP16],70.35631846009557
[RA][test0374_config][QP28],54.85034468511888
[RA][test0349_config][QP50],64.71905008725767
[RA][test0469_config][QP26],73.76549255145038
[RA][test0481_config][QP28],74.84187117286965
[RA][test0419_config][QP24],56.69317922383375
[RA][test0412_config][QP18],61.644051433045185
[RA][test0422_config][QP14],83.61356120369366
[RA][test0493_config][QP50],63.322874773943866
[RA][test0362_config][QP50],61.646580936635964
[RA][test0413_config][QP26],72.34345629405583
[RA][test0443_config][QP44],66.1420927269704
[RA][test0442_config][QP10],69.06147223025977
[RA][test0495_config][QP10],72.71119938728741
[RA][test0412_config][QP50],62.71403116836862
[RA][test0375_config][QP40],72.60560538209515
[RA][test0424_config][QP12],61.45961051457409
[RA][test0425_config][QP28],56.47584467356489
[RA][test0422_config][QP38],83.85249572000386
[RA][test0385_config][QP22],30.92402961561415
[RA][test0484_config][QP42],77.58267292038403
[RA][test0395_config][QP44],64.22924695401917
[RA][test0435_config][QP14],77.03734617055885
[RA][test0386_config][QP50],63.63185548382041
[RA][test0433_config][QP38],49.20002717370555
[RA][test0378_config][QP24],54.83607820336613
[RA][test0368_config][QP16],67.71620173726652
[RA][test0429_config][QP16],59.86367352370274
[RA][test0495_config][QP46],71.28616714264042
[RA][test0433_config][QP26],49.17664914229279
[RA][test0360_config][QP40],43.391622456114966
[RA][test0479_config][QP16],75.6406318434727
[RA][test0381_config][QP28],71.70178402948575
[RA][test0438_config][QP30],63.94019928305041
[RA][test0419_config][QP22],56.57258559389468
[RA][test0439_config][QP14],47.617591864943016
[RA][test0494_config][QP24],57.15266280562789
[RA][test0375_config][QP34],72.42996597302597
[RA][test0435_config][QP38],77.39099987165035
[RA][test0428_config][QP16],70.13401654756021
[RA][test0494_config][QP38],57.25218703909666
[RA][test0377_config][QP40],69.37092476826734
[RA][test0415_config][QP28],58.855415227191436
[RA][test0498_config][QP32],52.474421599965034
[RA][test0497_config][QP14],63.40241116320449
[RA][test0361_config][QP22],53.67716504232776
[RA][test0409_config][QP26],67.97978058263206
[RA][test0461_config][QP28],68.49162108269837
[RA][test0482_config][QP44],62.597403423795974
[RA][test0430_config][QP32],52.463889585141786
[RA][test0485_config][QP16],74.50381777414078
[RA][test0414_config][QP38],70.10213127632298
[RA][test0421_config][QP44],52.141445201983665
[RA][test0492_config][QP10],65.65497667577924
[RA][test0382_config][QP48],67.94524603773831
[RA][test0391_config][QP46],37.181612481262455
[RA][test0475_config][QP26],64.88349658002186
[RA][test0500_config][QP36],62.3769689906242
[RA][test0458_config][QP24],78.49004157297895
[RA][test0393_config][QP14],67.28629925738048
[RA][test0416_config][QP16],61.72437296624831
[RA][test0464_config][QP26],57.40441571798442
[RA][test0407_config][QP34],50.24668869659047
[RA][test0383_config][QP22],67.13537941562983
[RA][test0389_config][QP42],71.85172106205191
[RA][test0372_config][QP24],70.30002967212819
[RA][test0497_config][QP50],63.36198002969875
[RA][test0402_config][QP16],70.0261518976659
[RA][test0500_config][QP30],62.533685022927116
[RA][test0475_config][QP48],64.85689448026179
[RA][test0421_config][QP48],52.325322916666664
[RA][test0445_config][QP32],58.7305587841395
[RA][test0463_config][QP36],58.70901619541498
[RA][test0479_config][QP36],75.95114389226467
[RA][test0487_config][QP46],70.0053116133576
[RA][test0485_config][QP42],75.18147334396299
[RA][test0468_config][QP10],56.780466359581965
[RA][test0417_config][QP14],68.22383695525495
[RA][test0435_config][QP48],77.69121691919649
[RA][test0473_config][QP26],63.77603252470542
[RA][test0435_config][QP22],77.12881713867188
[RA][test0438_config][QP28],63.94530864850582
[RA][test0497_config][QP44],63.62470032466685
[RA][test0444_config][QP30],56.54984513497058
[RA][test0448_config][QP16],74.49747016686962
[RA][test0408_config][QP32],71.14962815072016
[RA][test0438_config][QP32],63.95761044173378
[RA][test0468_config][QP50],57.10469518867147
[RA][test0370_config][QP20],59.91636299867983
[RA][test0462_config][QP22],59.537053107869966
[RA][test0410_config][QP34],40.375338990262506
[RA][test0425_config][QP26],56.46000809456782
[RA][test0397_config][QP44],69.29270131378802
[RA][test0454_config][QP44],68.34689043812693
[RA][test0445_config][QP38],58.63495292782881
[RA][test0431_config][QP34],67.26447143554688
[RA][test0385_config][QP12],30.86654557115845
[RA][test0444_config][QP32],56.55567427370676
[RA][test0456_config][QP42],76.4753689823857
[RA][test0407_config][QP28],50.0674285157757
[RA][test0366_config][QP28],67.94195702120307
[RA][test0410_config][QP22],40.2166323001061
[RA][test0368_config][QP22],67.77513515067395
[RA][test0461_config][QP22],68.48358253108523
[RA][test0420_config][QP38],52.191031296467095
[RA][test0491_config][QP50],74.51853119348597
[RA][test0461_config][QP46],68.51113727836452
[RA][test0362_config][QP10],61.80851721266758
[RA][test0479_config][QP24],75.75242806743104
[RA][test0401_config][QP26],67.85015824532215
[RA][test0354_config][QP12],56.422691251275964
[RA][test0391_config][QP32],36.6506122223026
[RA][test0424_config][QP10],61.44584621953768
[RA][test0462_config][QP34],59.53862768579805
[RA][test0386_config][QP18],62.06209572974939
[RA][test0380_config][QP42],68.50172655245306
[RA][test0379_config][QP36],32.253268076955536
[RA][test0467_config][QP38],35.71729890950521
[RA][test0350_config][QP36],58.71835655733587
[RA][test0455_config][QP24],62.553968525199735
[RA][test0441_config][QP40],67.84283892947852
[RA][test0452_config][QP18],73.32630268087505
[RA][test0353_config][QP32],71.13843197518808
[RA][test0479_config][QP50],75.53134212390287
[RA][test0494_config][QP44],57.38821234532737
[RA][test0369_config][QP14],73.36693092854817
[RA][test0378_config][QP26],54.84467891087159
[RA][test0437_config][QP20],55.99496332188987
[RA][test0360_config][QP24],43.18610024559743
[RA][test0457_config][QP46],66.37323486227656
[RA][test0462_config][QP28],59.53591506342633
[RA][test0387_config][QP50],64.28830694102848
[RA][test0481_config][QP20],74.69430705179599
[RA][test0364_config][QP34],63.62202108852559
[RA][test0486_config][QP30],68.79466785245668
[RA][test0442_config][QP22],69.20083074348355
[RA][test0353_config][QP34],71.25448736949026
[RA][test0358_config][QP46],56.26317954834989
[RA][test0350_config][QP34],58.77063296019001
[RA][test0376_config][QP14],60.38783502574026
[RA][test0495_config][QP28],73.08846560957795
[RA][test0396_config][QP22],63.438972900390624
[RA][test0477_config][QP32],68.7899733477306
[RA][test0383_config][QP30],67.23397541664657
[RA][test0407_config][QP50],51.09071330983354
[RA][test0477_config][QP10],68.15504141976314
[RA][test0365_config][QP20],81.30408775825657
[RA][test0392_config][QP16],54.605081842618716
[RA][test0373_config][QP46],76.58677569228435
[RA][test0364_config][QP46],63.82767064299407
[RA][test0350_config][QP48],58.22073590389299
[RA][test0480_config][QP46],61.64708048778895
[RA][test0398_config][QP38],54.954791719161925
[RA][test0369_config][QP24],73.74091627207312
[RA][test0358_config][QP32],55.8180730811853
[RA][test0471_config][QP20],60.10004142629364
[RA][test0362_config][QP14],61.83952985548483
[RA][test0495_config][QP16],72.86402023729866
[RA][test0401_config][QP12],67.66979635004742
[RA][test0383_config][QP12],66.98988044594344
[RA][test0374_config][QP18],54.747609009793756
[RA][test0401_config][QP16],67.71768091398012
[RA][test0429_config][QP26],59.850115912041055
[RA][test0443_config][QP30],66.3993086723673
[RA][test0398_config][QP32],54.755436226550444
[RA][test0354_config][QP18],56.495244461875885
[RA][test0490_config][QP50],65.05215719642169
[RA][test0464_config][QP46],58.02037003932372
[RA][test0359_config][QP50],66.61529675066913
[RA][test0439_config][QP42],49.032360390996736
[RA][test0400_config][QP12],60.034970788523985
[RA][test0350_config][QP44],58.49239011436431
[RA][test0493_config][QP36],63.45808423780905
[RA][test0447_config][QP46],74.3170629953141
[RA][test0491_config][QP28],72.64108601862904
[RA][test0408_config][QP30],71.14254869198898
[RA][test0483_config][QP14],71.0653930242091
[RA][test0418_config][QP24],66.95517739579314
[RA][test0477_config][QP42],68.56659385072057
[RA][test0428_config][QP20],70.21919341664255
[RA][test0370_config][QP34],60.19808140306512
[RA][test0442_config][QP34],69.51137536746681
[RA][test0425_config][QP14],56.36525841481401
[RA][test0493_config][QP30],62.97156168870965
[RA][test0430_config][QP42],52.66220730829435
[RA][test0363_config][QP46],71.25768169965077
[RA][test0384_config][QP34],68.42325019365475
[RA][test0447_config][QP32],73.89298230181407
[RA][test0457_config][QP14],66.41305469026291
[RA][test0490_config][QP34],65.16930557439356
[RA][test0356_config][QP16],63.09131569718726
[RA][test0474_config][QP30],52.4186295351884
[RA][test0419_config][QP38],57.23379105983153
[RA][test0461_config][QP50],68.44468602159289
[RA][test0440_config][QP42],56.534011461046006
[RA][test0483_config][QP44],71.86121798793965
[RA][test0488_config][QP10],50.68774063775961
[RA][test0416_config][QP22],61.86058073770656
[RA][test0369_config][QP16],73.42880347960673
[RA][test0424_config][QP16],61.47614980966073
[RA][test0367_config][QP44],55.4363465508355
[RA][test0457_config][QP10],66.35957974783187
[RA][test0369_config][QP34],74.3761744447559
[RA][test0407_config][QP18],49.87032391457891
[RA][test0381_config][QP42],72.03685375599802
[RA][test0378_config][QP28],54.83298649239246
[RA][test0466_config][QP12],60.074228979542426
[RA][test0355_config][QP16],69.5954214060591
[RA][test0491_config][QP24],72.5396303090539
[RA][test0424_config][QP50],60.74497194417318
[RA][test0460_config][QP14],59.26309506866078
[RA][test0420_config][QP12],51.87142380752877
[RA][test0359_config][QP36],65.61476038250707
[RA][test0395_config][QP26],63.842541253988635
[RA][test0358_config][QP42],55.990346218281815
[RA][test0494_config][QP28],57.16704259877146
[RA][test0360_config][QP30],43.192400693289045
[RA][test0403_config][QP24],72.00917395069766
[RA][test0450_config][QP32],71.85629221723894
[RA][test0350_config][QP42],58.528766495818466
[RA][test0411_config][QP44],74.93001208395624
[RA][test0456_config][QP48],77.0801858907315
[RA][test0429_config][QP10],59.85407757317186
[RA][test0484_config][QP44],77.54931250904225
[RA][test0478_config][QP10],62.11816916207521
[RA][test0415_config][QP34],58.91963495375394
[RA][test0435_config][QP50],77.69840091381937
[RA][test0468_config][QP30],56.91051398031604
[RA][test0425_config][QP32],56.53474478287559
[RA][test0371_config][QP18],34.39057831036603
[RA][test0429_config][QP20],59.87062836019885
[RA][test0420_config][QP36],52.19231263714072
[RA][test0443_config][QP20],66.30453032995153
[RA][test0414_config][QP36],70.0550185338401
[RA][test0469_config][QP46],73.4538637539585
[RA][test0457_config][QP36],66.45828722642185
[RA][test0475_config][QP44],64.72954326814879
[RA][test0424_config][QP18],61.48816731193134
[RA][test0491_config][QP38],73.11321995086043
[RA][test0414_config][QP18],69.80795499046546
[RA][test0476_config][QP18],65.54478218964
[RA][test0450_config][QP22],71.7846536897887
[RA][test0375_config][QP22],72.19934114759155
[RA][test0403_config][QP18],71.97088698172864
[RA][test0436_config][QP48],59.71159598519282
[RA][test0416_config][QP46],63.30424477081927
[RA][test0369_config][QP50],76.41712044170364
[RA][test0490_config][QP20],65.03503505125948
[RA][test0464_config][QP44],57.873888019577464
[RA][test0453_config][QP16],46.80332796198841
[RA][test0348_config][QP44],72.51322564621914
[RA][test0491_config][QP30],72.6910417696478
[RA][test0375_config][QP16],72.12204472922494
[RA][test0402_config][QP50],70.4275427291305
[RA][test0407_config][QP22],49.94241287520295
[RA][test0473_config][QP24],63.75901513269997
[RA][test0367_config][QP36],55.15074470903059
[RA][test0373_config][QP40],76.48035734275535
[RA][test0390_config][QP10],66.90609984070578
[RA][test0460_config][QP42],59.24430822603202
[RA][test0448_config][QP48],74.77795189525463
[RA][test0469_config][QP34],73.73816838594915
[RA][test0392_config][QP34],54.04295280600968
[RA][test0478_config][QP40],62.769411317173834
[RA][test0413_config][QP18],72.3850012445646
[RA][test0456_config][QP24],75.42984238160686
[RA][test0446_config][QP12],70.58440568561319
[RA][test0372_config][QP22],70.26867362517683
[RA][test0426_config][QP16],54.00516135510103
[RA][test0468_config][QP34],56.91801269204724
[RA][test0447_config][QP48],74.22859382258913
[RA][test0380_config][QP10],68.06599936201935
[RA][test0483_config][QP30],71.30425258658452
[RA][test0439_config][QP46],48.774688171135544
[RA][test0387_config][QP26],63.82742371434341
[RA][test0426_config][QP44],51.89131605209539
[RA][test0472_config][QP22],54.28990559519073
[RA][test0383_config][QP20],67.11100626200609
[RA][test0494_config][QP22],57.157835251294046
[RA][test0500_config][QP32],62.499862602830426
[RA][test0496_config][QP50],59.16948250777633
[RA][test0487_config][QP16],69.81485867573302
[RA][test0493_config][QP14],62.703866667319716
[RA][test0478_config][QP42],63.02381688046553
[RA][test0430_config][QP28],52.46110432540831
[RA][test0482_config][QP48],62.58923652529619
[RA][test0376_config][QP48],60.84423527545693
[RA][test0466_config][QP14],60.10653207183964
[RA][test0372_config][QP48],70.11329462775085
[RA][test0473_config][QP50],63.812500611356256
[RA][test0492_config][QP40],65.97100503803772
[RA][test0445_config][QP36],58.69058319694613
[RA][test0418_config][QP46],67.13217507896894
[RA][test0471_config][QP28],60.1679376818496
[RA][test0484_config][QP22],77.58259787753384
[RA][test0385_config][QP18],30.90356345295219
[RA][test0357_config][QP50],70.16795258824227
[RA][test0370_config][QP24],60.01031556356297
[RA][test0386_config][QP48],63.4123416727953
[RA][test0386_config][QP38],62.59516872126575
[RA][test0443_config][QP42],66.37551407224554
[RA][test0417_config][QP28],68.3736454055849
[RA][test0416_config][QP26],62.043333051014336
[RA][test0407_config][QP48],50.70670094807943
[RA][test0419_config][QP34],57.25002691675508
[RA][test0360_config][QP14],43.13654208386582
[RA][test0422_config][QP24],83.76011749568987
[RA][test0411_config][QP32],74.57488400205762
[RA][test0482_config][QP36],62.59826246523759
[RA][test0459_config][QP46],71.01249946600518
[RA][test0351_config][QP16],42.055417787402746
[RA][test0483_config][QP48],71.64186280150865
