[RA][test0413_config][QP42],71.58003618706597
[RA][test0496_config][QP10],58.93114942009066
[RA][test0307_config][QP14],66.02215620177469
[RA][test0366_config][QP36],67.98169685847279
[RA][test0314_config][QP34],75.20211580755289
[RA][test0256_config][QP24],58.49907440185547
[RA][test0483_config][QP16],71.61742267875515
[RA][test0465_config][QP36],71.10031010028855
[RA][test0469_config][QP32],73.2509059611505
[RA][test0409_config][QP48],68.59018047216595
[RA][test0479_config][QP26],75.55052713954596
[RA][test0436_config][QP34],59.49593745704934
[RA][test0397_config][QP48],69.58567978746704
[RA][test0272_config][QP28],70.21210080646782
[RA][test0284_config][QP30],76.06990684000651
[RA][test0338_config][QP26],65.80609579706389
[RA][test0350_config][QP30],58.44587492213622
[RA][test0408_config][QP36],70.90534935418275
[RA][test0276_config][QP42],65.39753545790936
[RA][test0315_config][QP40],64.34463923425243
[RA][test0433_config][QP46],49.58155099575215
[RA][test0261_config][QP30],61.530163311240116
[RA][test0352_config][QP24],63.86181989128207
[RA][test0256_config][QP40],58.541823885945135
[RA][test0445_config][QP26],58.51393376253858
[RA][test0422_config][QP50],84.379428060147
[RA][test0304_config][QP40],71.45440305833856
[RA][test0263_config][QP14],62.70883011178225
[RA][test0395_config][QP22],63.85511071124293
[RA][test0269_config][QP14],69.59001207139757
[RA][test0468_config][QP26],56.76577693961187
[RA][test0456_config][QP16],75.63578348845807
[RA][test0408_config][QP24],70.94013665997541
[RA][test0378_config][QP48],53.95291993016372
[RA][test0460_config][QP26],59.47911626720036
[RA][test0399_config][QP46],61.426404169530045
[RA][test0380_config][QP14],68.1355790304804
[RA][test0401_config][QP40],68.68723754480935
[RA][test0482_config][QP10],62.60863966300556
[RA][test0265_config][QP28],71.01969520399305
[RA][test0251_config][QP32],69.51936178551192
[RA][test0476_config][QP46],67.01875018285429
[RA][test0471_config][QP12],60.235354506253216
[RA][test0453_config][QP18],47.10871616768543
[RA][test0438_config][QP12],64.04057064882129
[RA][test0415_config][QP24],59.03990185647344
[RA][test0298_config][QP32],55.9417962498292
[RA][test0317_config][QP46],55.348720284167634
[RA][test0409_config][QP28],68.25725595456974
[RA][test0364_config][QP12],63.6169863906672
[RA][test0447_config][QP20],73.95795196307147
[RA][test0431_config][QP40],67.12191384824902
[RA][test0361_config][QP14],53.49016068120258
[RA][test0258_config][QP40],70.95014069809149
[RA][test0371_config][QP42],34.509098588354796
[RA][test0462_config][QP42],59.71714364636582
[RA][test0400_config][QP48],61.21890041574235
[RA][test0322_config][QP34],62.41053108824428
[RA][test0426_config][QP42],50.90510954253271
[RA][test0256_config][QP50],58.90319966382941
[RA][test0455_config][QP12],62.84632507273984
[RA][test0404_config][QP20],69.26556996713646
[RA][test0355_config][QP44],70.3294296174226
[RA][test0454_config][QP24],68.47279009532537
[RA][test0441_config][QP48],68.01422469678337
[RA][test0329_config][QP34],69.79693275859817
[RA][test0476_config][QP24],66.19982830634726
[RA][test0393_config][QP16],67.71109998462818
[RA][test0311_config][QP26],76.43961639831292
[RA][test0365_config][QP18],81.48664495698905
[RA][test0380_config][QP36],68.51524949589482
[RA][test0463_config][QP44],59.457971655323675
[RA][test0467_config][QP12],35.78518615195192
[RA][test0484_config][QP20],77.58374484315723
[RA][test0458_config][QP12],77.1889794087979
[RA][test0391_config][QP36],37.1758561639982
[RA][test0401_config][QP38],68.5115370307577
[RA][test0289_config][QP48],67.50548979808666
[RA][test0411_config][QP42],75.19126883097833
[RA][test0296_config][QP24],65.21819915419842
[RA][test0302_config][QP12],57.810572826997735
[RA][test0301_config][QP36],65.30487668612759
[RA][test0465_config][QP32],70.83545911473404
[RA][test0474_config][QP10],52.359041286892364
[RA][test0472_config][QP46],54.361085831755965
[RA][test0357_config][QP40],70.1936107029542
[RA][test0343_config][QP40],66.94521773576147
[RA][test0486_config][QP28],67.57141779945907
[RA][test0498_config][QP38],52.65983118379067
[RA][test0417_config][QP40],68.49278818188577
[RA][test0379_config][QP44],34.363963311340584
[RA][test0339_config][QP32],74.21036822534883
[RA][test0369_config][QP28],74.66795420806005
[RA][test0337_config][QP24],77.34398379604512
[RA][test0488_config][QP20],50.78903964245957
[RA][test0417_config][QP26],68.39470261612253
[RA][test0270_config][QP30],43.95317554514693
[RA][test0315_config][QP20],64.49941924596716
[RA][test0336_config][QP26],73.67109693613563
[RA][test0383_config][QP48],68.4579920330283
[RA][test0481_config][QP16],74.75114809489936
[RA][test0469_config][QP20],73.3380391004272
[RA][test0484_config][QP10],77.57566013665847
[RA][test0472_config][QP14],54.51601946745193
[RA][test0498_config][QP26],52.50741643583824
[RA][test0355_config][QP48],70.30853299439984
[RA][test0432_config][QP38],74.03834779866537
[RA][test0257_config][QP18],69.40264307770906
[RA][test0451_config][QP18],63.10810505356023
[RA][test0375_config][QP24],72.51629674539448
[RA][test0410_config][QP16],40.502300987965775
[RA][test0313_config][QP16],56.99905328117967
[RA][test0291_config][QP18],70.96773793789585
[RA][test0395_config][QP30],63.97137563295718
[RA][test0445_config][QP14],58.56776408555773
[RA][test0481_config][QP40],75.06371481662326
[RA][test0463_config][QP16],59.03002776371206
[RA][test0367_config][QP40],55.64403438163098
[RA][test0472_config][QP38],54.37142811063288
[RA][test0308_config][QP32],63.79883881092464
[RA][test0463_config][QP12],59.01954828458558
[RA][test0261_config][QP22],61.41432658078543
[RA][test0366_config][QP44],67.497712534461
[RA][test0317_config][QP30],55.61889039994856
[RA][test0462_config][QP14],59.61692697105879
[RA][test0269_config][QP20],69.70176843362188
[RA][test0327_config][QP12],63.392586811834896
[RA][test0338_config][QP38],66.174602176368
[RA][test0298_config][QP26],56.00217746963815
[RA][test0463_config][QP34],59.16237104979464
[RA][test0389_config][QP32],72.1147748847616
[RA][test0373_config][QP34],76.4088779515396
[RA][test0486_config][QP48],67.2082872864523
[RA][test0417_config][QP22],68.32985545769837
[RA][test0343_config][QP18],66.23162019932123
[RA][test0455_config][QP26],63.04275822718742
[RA][test0486_config][QP16],67.60141236180435
[RA][test0294_config][QP42],67.30399341171956
[RA][test0388_config][QP42],67.74390470427839
[RA][test0268_config][QP26],32.82889066066664
[RA][test0406_config][QP32],72.80495378508391
[RA][test0450_config][QP12],71.89380746522754
[RA][test0376_config][QP30],60.69837548149957
[RA][test0432_config][QP22],73.45538884970583
[RA][test0363_config][QP20],71.14211250587746
[RA][test0271_config][QP28],75.43543671960398
[RA][test0415_config][QP14],59.027022263263966
[RA][test0392_config][QP22],54.81078457126696
[RA][test0500_config][QP24],62.74663254047912
[RA][test0297_config][QP42],70.58559138469931
[RA][test0314_config][QP10],74.61348966647175
[RA][test0326_config][QP44],60.67220885451831
[RA][test0287_config][QP14],62.481620114424594
[RA][test0292_config][QP38],59.549330513910995
[RA][test0464_config][QP14],57.989762921870984
[RA][test0399_config][QP18],61.422899056893804
[RA][test0322_config][QP14],62.15393402124727
[RA][test0308_config][QP16],63.9052791064855
[RA][test0324_config][QP42],70.16843068365404
[RA][test0402_config][QP28],70.0711484450352
[RA][test0466_config][QP20],60.193283318915974
[RA][test0440_config][QP34],57.05176775495113
[RA][test0419_config][QP20],59.23423124914601
[RA][test0449_config][QP38],51.90531506824886
[RA][test0350_config][QP40],58.25278281405728
[RA][test0267_config][QP38],63.307722590191375
[RA][test0452_config][QP48],73.92041419486843
[RA][test0432_config][QP32],73.69560547126173
[RA][test0382_config][QP18],67.1903985861947
[RA][test0480_config][QP14],60.92245123793363
[RA][test0251_config][QP46],70.01854305640954
[RA][test0414_config][QP30],70.04909294574252
[RA][test0319_config][QP24],29.853787065670815
[RA][test0324_config][QP48],70.29475393689316
[RA][test0441_config][QP18],67.8073631486304
[RA][test0455_config][QP10],62.83866977493851
[RA][test0356_config][QP30],63.40297821999381
[RA][test0429_config][QP22],59.08853376876768
[RA][test0396_config][QP12],63.52325461631744
[RA][test0458_config][QP36],77.35485812541192
[RA][test0403_config][QP20],72.10024862783926
[RA][test0375_config][QP14],72.27990808783638
[RA][test0312_config][QP14],33.6456773412885
[RA][test0472_config][QP30],54.4971634458691
[RA][test0394_config][QP22],72.06454256687243
[RA][test0321_config][QP36],57.93712043316374
[RA][test0274_config][QP16],53.18346724823375
[RA][test0447_config][QP50],75.38207401756004
[RA][test0334_config][QP16],52.72527514045621
[RA][test0285_config][QP20],54.431726639359084
[RA][test0401_config][QP46],69.14419991575642
[RA][test0288_config][QP12],75.72825643581814
[RA][test0416_config][QP12],63.447106528450924
[RA][test0454_config][QP30],68.45078374440385
[RA][test0309_config][QP32],67.54244940286016
[RA][test0304_config][QP36],71.25636062936037
[RA][test0301_config][QP16],65.31235335010167
[RA][test0474_config][QP34],52.416306217146506
[RA][test0494_config][QP32],57.34348714293178
[RA][test0421_config][QP18],53.006484865541815
[RA][test0297_config][QP24],70.58269994891131
[RA][test0414_config][QP20],70.02282901465648
[RA][test0488_config][QP34],50.79373165629823
[RA][test0500_config][QP46],62.67969055828832
[RA][test0432_config][QP12],73.26087254628625
[RA][test0496_config][QP16],59.10029690539199
[RA][test0401_config][QP28],68.03177300899804
[RA][test0274_config][QP34],53.11595266886896
[RA][test0270_config][QP34],43.96633836785462
[RA][test0424_config][QP20],61.39352501135304
[RA][test0306_config][QP40],60.602808311431005
[RA][test0309_config][QP22],67.5528247396838
[RA][test0453_config][QP24],46.920537968639486
[RA][test0372_config][QP28],69.76599207547663
[RA][test0274_config][QP46],52.868853158205134
[RA][test0305_config][QP38],63.87419773104946
[RA][test0466_config][QP38],59.96751551197193
[RA][test0384_config][QP26],68.0892946709527
[RA][test0480_config][QP38],61.79052271713445
[RA][test0374_config][QP10],54.87120407443577
[RA][test0356_config][QP38],63.5792545929583
[RA][test0462_config][QP32],59.61009659303265
[RA][test0320_config][QP30],48.348225154421456
[RA][test0317_config][QP12],55.56102956136068
[RA][test0476_config][QP36],66.79686552623859
[RA][test0481_config][QP48],74.87232471305941
[RA][test0448_config][QP14],74.94909926200208
[RA][test0325_config][QP24],60.78224456837344
[RA][test0255_config][QP44],61.92787569374116
[RA][test0364_config][QP48],63.25953957564742
[RA][test0277_config][QP10],72.09975307285639
[RA][test0311_config][QP20],76.36306462040653
[RA][test0347_config][QP36],59.71737392547984
[RA][test0352_config][QP40],64.84149185318809
[RA][test0388_config][QP18],69.24216825684599
[RA][test0422_config][QP12],83.6278589032962
[RA][test0435_config][QP20],77.29591342301231
[RA][test0362_config][QP28],62.03718376479914
[RA][test0413_config][QP28],71.84487370067957
[RA][test0276_config][QP18],65.85920329981674
[RA][test0273_config][QP12],74.31831830914031
[RA][test0448_config][QP42],75.0976413117083
[RA][test0379_config][QP30],32.95153302604769
[RA][test0466_config][QP36],60.0385349610882
[RA][test0498_config][QP36],52.57958334061736
[RA][test0330_config][QP20],64.64197841113683
[RA][test0400_config][QP20],60.62697042005249
[RA][test0365_config][QP36],81.64076762936439
[RA][test0293_config][QP50],69.72340569339956
[RA][test0321_config][QP38],58.216873512299465
[RA][test0491_config][QP32],73.41388175807371
[RA][test0498_config][QP40],52.69737692549592
[RA][test0460_config][QP18],59.51375464243948
[RA][test0297_config][QP50],70.83711370975196
[RA][test0261_config][QP44],61.52675373695907
[RA][test0378_config][QP46],54.67660972664287
[RA][test0357_config][QP30],69.76700798807026
[RA][test0456_config][QP12],75.38451015996736
[RA][test0272_config][QP44],70.34736299214933
[RA][test0384_config][QP32],68.22200405720527
[RA][test0269_config][QP26],69.81055666649587
[RA][test0368_config][QP10],67.91368352191438
[RA][test0307_config][QP30],66.95035984871319
[RA][test0315_config][QP18],64.4868986108097
[RA][test0446_config][QP42],70.92694028224867
[RA][test0438_config][QP48],64.46306386814196
[RA][test0303_config][QP44],54.96949293775519
[RA][test0335_config][QP40],64.1098968395343
[RA][test0398_config][QP42],55.35352753338598
[RA][test0299_config][QP36],49.75383346419472
[RA][test0393_config][QP50],70.34090211417744
[RA][test0335_config][QP38],64.0508993050532
[RA][test0296_config][QP18],65.16508419335133
[RA][test0423_config][QP22],72.68231144607607
[RA][test0403_config][QP32],72.4336317771629
[RA][test0415_config][QP36],58.93386915318367
[RA][test0467_config][QP14],35.80348647003802
[RA][test0353_config][QP44],72.29217146031257
[RA][test0289_config][QP40],67.70929362556866
[RA][test0434_config][QP16],69.67405403721186
[RA][test0259_config][QP16],75.445280058433
[RA][test0308_config][QP38],63.65319073812854
[RA][test0495_config][QP34],73.33738562915943
[RA][test0256_config][QP30],58.535662240236384
[RA][test0291_config][QP10],70.960686388055
[RA][test0432_config][QP40],74.14323480626487
[RA][test0270_config][QP40],43.925561984592015
[RA][test0400_config][QP46],61.41887218560113
[RA][test0307_config][QP50],68.99086745977206
[RA][test0357_config][QP32],69.85047557337883
[RA][test0315_config][QP48],64.16404630408267
[RA][test0337_config][QP20],77.27852087477696
[RA][test0415_config][QP38],58.821919148260676
[RA][test0345_config][QP40],70.24454178069942
[RA][test0368_config][QP50],69.26929568845647
[RA][test0468_config][QP12],56.74974518399964
[RA][test0449_config][QP36],51.94274247911241
[RA][test0258_config][QP48],71.40062328599215
[RA][test0437_config][QP48],57.368157216013216
[RA][test0398_config][QP48],56.041970258547934
[RA][test0446_config][QP10],70.74301403607654
[RA][test0345_config][QP44],69.97888997069307
[RA][test0311_config][QP46],76.66493867825481
[RA][test0314_config][QP36],75.3619544936443
[RA][test0395_config][QP16],63.81340178815426
[RA][test0325_config][QP40],61.00811463557742
[RA][test0462_config][QP36],59.611716867454746
[RA][test0359_config][QP18],65.4943524747621
[RA][test0259_config][QP36],75.59139976520302
[RA][test0403_config][QP30],72.24222210467303
[RA][test0454_config][QP18],68.46422807481554
[RA][test0469_config][QP48],72.51909587241593
[RA][test0491_config][QP10],72.60081274514532
[RA][test0410_config][QP48],41.823376085571795
[RA][test0257_config][QP22],69.38885351009918
[RA][test0405_config][QP44],65.6195007047928
[RA][test0424_config][QP48],60.33973621610163
[RA][test0430_config][QP44],53.33456697515794
[RA][test0335_config][QP50],64.47229306394475
[RA][test0425_config][QP40],56.03854918780543
[RA][test0336_config][QP22],73.69292969804928
[RA][test0285_config][QP12],54.33580843676658
[RA][test0393_config][QP40],68.2249647528252
[RA][test0376_config][QP36],60.77222223427855
[RA][test0449_config][QP40],51.81338332665212
[RA][test0373_config][QP24],76.1192896914384
[RA][test0442_config][QP12],68.97884266040943
[RA][test0328_config][QP20],62.80090299931279
[RA][test0432_config][QP20],73.41960940137322
[RA][test0295_config][QP22],53.97830457346724
[RA][test0427_config][QP30],55.3736287110882
[RA][test0319_config][QP34],29.900736226902087
[RA][test0306_config][QP34],60.834001970204795
[RA][test0396_config][QP48],63.24614024170926
[RA][test0343_config][QP22],66.21496810749824
[RA][test0258_config][QP22],70.52805284438898
[RA][test0357_config][QP10],69.5970250573178
[RA][test0363_config][QP10],70.99559306379405
[RA][test0309_config][QP48],67.03300883427373
[RA][test0447_config][QP14],73.88245578166192
[RA][test0473_config][QP16],63.8986760123296
[RA][test0340_config][QP24],72.22393081828302
[RA][test0436_config][QP44],59.4724570520974
[RA][test0453_config][QP36],46.85083597793893
[RA][test0404_config][QP28],69.37737205197683
[RA][test0451_config][QP46],62.84592039257411
[RA][test0471_config][QP26],60.31696759686254
[RA][test0484_config][QP30],77.58007664382997
[RA][test0285_config][QP24],54.45081009702329
[RA][test0269_config][QP22],69.73485550416547
[RA][test0399_config][QP20],61.46160497871053
[RA][test0313_config][QP26],57.256992025493105
[RA][test0368_config][QP36],68.69587693328229
[RA][test0452_config][QP44],74.2154830385059
[RA][test0313_config][QP22],57.05224715621383
[RA][test0458_config][QP40],77.05200857481152
[RA][test0360_config][QP34],43.34494840293853
[RA][test0324_config][QP40],70.22154654119043
[RA][test0446_config][QP34],70.85706912043065
[RA][test0446_config][QP18],70.80939924225984
[RA][test0341_config][QP34],66.89047152069469
[RA][test0285_config][QP32],54.60661700389218
[RA][test0493_config][QP12],62.781169481819056
[RA][test0485_config][QP12],74.69927884250217
[RA][test0397_config][QP28],69.06974314773622
[RA][test0323_config][QP18],48.7371062094606
[RA][test0422_config][QP48],84.35000753746503
[RA][test0302_config][QP40],58.08830277933505
[RA][test0302_config][QP30],58.07280886451501
[RA][test0381_config][QP12],71.29486944580079
[RA][test0312_config][QP48],34.35765737877363
[RA][test0363_config][QP34],71.28206357678071
[RA][test0366_config][QP12],67.57376245318126
[RA][test0275_config][QP46],69.14714768121664
[RA][test0489_config][QP26],52.46294071200649
[RA][test0256_config][QP10],58.44923676064574
[RA][test0452_config][QP36],74.13127454693327
[RA][test0306_config][QP24],60.99652563250506
[RA][test0268_config][QP20],32.84181972123762
[RA][test0284_config][QP46],76.76965548542792
[RA][test0354_config][QP36],56.47396934779289
[RA][test0384_config][QP46],67.78675051817089
[RA][test0392_config][QP36],53.70820835769716
[RA][test0496_config][QP14],59.035519836425784
[RA][test0442_config][QP38],69.01753139442475
[RA][test0297_config][QP48],70.60332475349834
[RA][test0330_config][QP16],64.61030700105894
[RA][test0384_config][QP10],68.06265985735355
[RA][test0337_config][QP10],77.08540374605155
[RA][test0339_config][QP12],73.87365315704973
[RA][test0390_config][QP48],67.427030973458
[RA][test0415_config][QP26],59.025516789942614
[RA][test0251_config][QP20],69.01812028698077
[RA][test0287_config][QP18],62.48621792640215
[RA][test0356_config][QP26],63.39386900122372
[RA][test0486_config][QP32],67.55550126214675
[RA][test0421_config][QP40],53.059217940970214
[RA][test0492_config][QP28],65.05964143528566
[RA][test0472_config][QP36],54.470465552059224
[RA][test0465_config][QP46],71.70633982265143
[RA][test0376_config][QP40],60.88068217436865
[RA][test0321_config][QP16],57.96918248532142
[RA][test0342_config][QP10],59.43351348851836
[RA][test0275_config][QP10],67.60427899295509
[RA][test0465_config][QP22],69.9929877706143
[RA][test0310_config][QP30],50.57422243220326
[RA][test0340_config][QP26],72.50662682276597
[RA][test0371_config][QP20],34.52018533789866
[RA][test0473_config][QP44],64.47251571441775
[RA][test0498_config][QP18],52.487441206567084
[RA][test0267_config][QP16],63.032422616715294
[RA][test0319_config][QP44],29.818704159583575
[RA][test0330_config][QP50],66.11420545990869
[RA][test0492_config][QP16],65.02475438574018
[RA][test0477_config][QP12],68.05539864069935
[RA][test0423_config][QP50],72.97662441200288
[RA][test0404_config][QP50],69.60419434975204
[RA][test0386_config][QP44],63.577249698340644
[RA][test0299_config][QP46],51.478563541114085
[RA][test0318_config][QP42],75.53672123611513
[RA][test0383_config][QP46],68.25251668520328
[RA][test0317_config][QP20],55.58255407413436
[RA][test0397_config][QP38],69.0594453788098
[RA][test0348_config][QP42],72.15891756536539
[RA][test0264_config][QP12],69.44054582635071
[RA][test0338_config][QP34],66.04685609417197
[RA][test0443_config][QP24],65.4712443764769
[RA][test0382_config][QP26],67.31270609587995
[RA][test0489_config][QP32],52.61009040989503
[RA][test0468_config][QP32],56.76933750507371
[RA][test0286_config][QP28],49.9128589733736
[RA][test0371_config][QP36],34.340241943108204
[RA][test0365_config][QP40],81.45671337111987
[RA][test0462_config][QP46],59.84079150390625
[RA][test0482_config][QP24],62.625297821170506
[RA][test0423_config][QP18],72.65242026497798
[RA][test0483_config][QP40],72.3509837317447
[RA][test0435_config][QP34],77.69032509735484
[RA][test0344_config][QP30],70.9835834169741
[RA][test0463_config][QP14],59.031620771494424
[RA][test0408_config][QP20],70.90552496136952
[RA][test0419_config][QP26],59.08913306744108
[RA][test0359_config][QP38],66.45696324729134
[RA][test0473_config][QP46],64.499856838399
[RA][test0439_config][QP22],48.731908441488635
[RA][test0435_config][QP28],77.51285207866151
[RA][test0492_config][QP48],62.14304371222351
[RA][test0428_config][QP32],71.05487647514187
[RA][test0405_config][QP20],65.98347600891364
[RA][test0442_config][QP14],68.99207303547172
[RA][test0472_config][QP44],54.39447581827297
[RA][test0302_config][QP28],58.02991277347769
[RA][test0380_config][QP30],68.15072482387716
[RA][test0402_config][QP14],69.62280824487003
[RA][test0318_config][QP38],75.24154651632426
[RA][test0448_config][QP28],75.0066511654952
[RA][test0457_config][QP40],66.41598403892988
[RA][test0445_config][QP46],58.209562824264964
[RA][test0419_config][QP28],59.12389093168282
[RA][test0373_config][QP28],76.21842197119945
[RA][test0472_config][QP16],54.53642435408227
[RA][test0379_config][QP18],32.21965651674624
[RA][test0276_config][QP30],65.91448540581597
[RA][test0362_config][QP48],61.1469472287025
[RA][test0478_config][QP22],63.443065539701486
[RA][test0272_config][QP10],70.16988657532994
[RA][test0401_config][QP18],67.8072763955701
[RA][test0319_config][QP10],29.797978796436954
[RA][test0305_config][QP30],63.832778279622396
[RA][test0446_config][QP26],70.87843095894017
[RA][test0313_config][QP48],58.71999059506012
[RA][test0422_config][QP28],83.82309228490507
[RA][test0267_config][QP32],63.285706398041654
[RA][test0408_config][QP40],70.99398872406886
[RA][test0344_config][QP44],70.59570177293314
[RA][test0400_config][QP40],60.9877262015637
[RA][test0252_config][QP16],64.52214355870628
[RA][test0354_config][QP44],56.74515604102366
[RA][test0256_config][QP44],58.55147239075963
[RA][test0259_config][QP42],76.07576169061856
[RA][test0374_config][QP46],54.940511373386464
[RA][test0406_config][QP16],72.68972545984842
[RA][test0301_config][QP18],65.31040084449549
[RA][test0325_config][QP12],60.755912896552694
[RA][test0380_config][QP40],68.6340703087324
[RA][test0307_config][QP34],66.96375132016783
[RA][test0470_config][QP40],64.00364994956436
[RA][test0348_config][QP40],72.37306145562066
[RA][test0257_config][QP44],69.41158363549503
[RA][test0495_config][QP22],73.07487633950818
[RA][test0348_config][QP20],72.2813450297289
[RA][test0426_config][QP26],53.56490407533999
[RA][test0475_config][QP10],64.8155300546654
[RA][test0382_config][QP12],67.08405992195537
[RA][test0440_config][QP28],56.84911402849111
[RA][test0285_config][QP50],54.4116536518615
[RA][test0492_config][QP12],64.98339980513961
[RA][test0440_config][QP20],56.88529215218501
[RA][test0366_config][QP10],67.53892839571478
[RA][test0464_config][QP48],59.23608020697699
[RA][test0266_config][QP36],62.52190117730035
[RA][test0328_config][QP44],62.819131884413984
[RA][test0326_config][QP48],60.794587482719265
[RA][test0480_config][QP20],60.921565295309684
[RA][test0384_config][QP12],68.06744236623506
[RA][test0345_config][QP24],69.9300881445614
[RA][test0310_config][QP46],50.73973626231755
[RA][test0411_config][QP18],74.70225755153075
[RA][test0444_config][QP28],56.46085862298659
[RA][test0458_config][QP10],77.1706598455484
[RA][test0269_config][QP32],70.05294162803618
[RA][test0455_config][QP36],63.15522526066784
[RA][test0292_config][QP32],59.66447911065498
[RA][test0295_config][QP48],53.62059601257073
[RA][test0433_config][QP24],49.38920740524731
[RA][test0404_config][QP42],69.80823869317452
[RA][test0427_config][QP10],56.09165437348291
[RA][test0394_config][QP50],72.74803012800805
[RA][test0318_config][QP28],74.62503649098589
[RA][test0337_config][QP22],77.31787824641727
[RA][test0485_config][QP32],75.0235523033613
[RA][test0427_config][QP14],56.0953112004284
[RA][test0415_config][QP12],59.029554565178515
[RA][test0292_config][QP10],59.46974200740861
[RA][test0484_config][QP40],77.5474757544749
[RA][test0271_config][QP32],75.39630449786402
[RA][test0271_config][QP38],75.35887889243546
[RA][test0273_config][QP20],74.40617831358105
[RA][test0319_config][QP46],29.88690970187717
[RA][test0364_config][QP18],63.65399753196936
[RA][test0401_config][QP30],68.13469519394611
[RA][test0480_config][QP10],60.86220780863193
[RA][test0364_config][QP36],63.704341354558494
[RA][test0351_config][QP50],39.8267253576208
[RA][test0406_config][QP36],72.96624272325303
[RA][test0414_config][QP48],69.8232911520122
[RA][test0379_config][QP14],32.164902389965924
[RA][test0374_config][QP26],54.91593101470068
[RA][test0260_config][QP48],69.22705539103693
[RA][test0392_config][QP40],53.22717736766172
[RA][test0344_config][QP26],70.9550480248722
[RA][test0301_config][QP46],65.36331809061937
[RA][test0440_config][QP38],56.735504096137156
[RA][test0488_config][QP50],51.01218899523574
[RA][test0284_config][QP40],76.45183293120459
[RA][test0389_config][QP38],71.78916901287816
[RA][test0264_config][QP20],69.6656907660088
[RA][test0393_config][QP12],67.70807137169858
[RA][test0326_config][QP30],60.55052986151299
[RA][test0367_config][QP46],55.25771350574886
[RA][test0404_config][QP30],69.39515875219023
[RA][test0466_config][QP10],60.17452944908613
[RA][test0370_config][QP26],60.3199740590539
[RA][test0368_config][QP20],68.01317249238441
[RA][test0341_config][QP26],66.20041608218597
[RA][test0439_config][QP38],49.64748795145922
[RA][test0284_config][QP18],75.47593724556127
[RA][test0297_config][QP40],70.48249967925146
[RA][test0347_config][QP32],59.55684614594385
[RA][test0400_config][QP22],60.63637761371126
[RA][test0379_config][QP22],32.39478156572507
[RA][test0386_config][QP46],63.722308979301296
[RA][test0325_config][QP42],60.97369386147079
[RA][test0312_config][QP32],34.09580479249052
[RA][test0268_config][QP48],35.005146612222305
[RA][test0317_config][QP50],55.11183918868956
[RA][test0394_config][QP24],72.08070820523486
[RA][test0310_config][QP12],50.63238676772883
[RA][test0394_config][QP32],72.2270927071277
[RA][test0326_config][QP14],60.64450716070481
[RA][test0386_config][QP28],63.2697882346322
[RA][test0297_config][QP34],70.83829069663467
[RA][test0316_config][QP16],74.50697552691173
[RA][test0366_config][QP34],67.84629335982711
[RA][test0404_config][QP36],69.6530906962328
[RA][test0304_config][QP16],70.93248484720614
[RA][test0316_config][QP46],74.49642180215969
[RA][test0390_config][QP50],67.46386137283388
[RA][test0325_config][QP34],60.877436537503215
[RA][test0378_config][QP16],55.08083189586749
[RA][test0358_config][QP36],56.80717986332144
[RA][test0447_config][QP12],73.8496994802216
[RA][test0388_config][QP26],69.03924862984866
[RA][test0333_config][QP12],66.34328272413717
[RA][test0459_config][QP22],70.78312145619334
[RA][test0260_config][QP44],68.38400533291538
[RA][test0299_config][QP30],49.69103768707401
[RA][test0492_config][QP34],65.03567020469634
[RA][test0389_config][QP10],72.2647582907343
[RA][test0289_config][QP28],68.20924124007362
[RA][test0295_config][QP24],53.983746335881236
[RA][test0354_config][QP50],56.33740371415252
[RA][test0484_config][QP32],77.57318703156146
[RA][test0352_config][QP16],63.64359603994864
[RA][test0408_config][QP34],70.96551422395432
[RA][test0317_config][QP10],55.55075229170686
[RA][test0300_config][QP36],62.3068845335407
[RA][test0463_config][QP38],59.220103285801265
[RA][test0369_config][QP12],73.84582514482663
[RA][test0436_config][QP16],59.3188356931082
[RA][test0398_config][QP10],54.18771325633359
[RA][test0410_config][QP20],40.58847020002452
[RA][test0424_config][QP42],60.93382885189606
[RA][test0317_config][QP36],55.6588965592247
[RA][test0348_config][QP30],72.51400627004364
[RA][test0300_config][QP48],62.35755620433666
[RA][test0448_config][QP44],74.9949754618578
[RA][test0428_config][QP36],70.9928188416281
[RA][test0394_config][QP20],72.02545321240837
[RA][test0420_config][QP20],52.266569172674735
[RA][test0276_config][QP46],63.8857598688573
[RA][test0396_config][QP44],63.34843221731931
[RA][test0461_config][QP16],68.6714068666309
[RA][test0485_config][QP26],74.85386832380884
[RA][test0455_config][QP46],63.2610810632274
[RA][test0340_config][QP22],72.156816006633
[RA][test0346_config][QP18],69.7353186567644
[RA][test0365_config][QP10],81.4165484199681
[RA][test0255_config][QP26],61.91039998598452
[RA][test0336_config][QP34],73.72220691018438
[RA][test0380_config][QP12],68.1225749102306
[RA][test0499_config][QP16],62.87183166956019
[RA][test0269_config][QP18],69.66181142748923
[RA][test0269_config][QP50],70.5448098270118
[RA][test0348_config][QP34],72.63647635000723
[RA][test0270_config][QP16],43.83335819322876
[RA][test0415_config][QP40],58.66045732637884
[RA][test0428_config][QP40],71.3558584438999
[RA][test0345_config][QP30],70.01619791189437
[RA][test0304_config][QP28],71.12143082858113
[RA][test0410_config][QP40],41.16476616100421
[RA][test0304_config][QP44],71.73055981997894
[RA][test0473_config][QP40],64.15648111577289
[RA][test0409_config][QP32],68.3423419455697
[RA][test0419_config][QP36],59.78213757148397
[RA][test0306_config][QP46],60.36967411144869
[RA][test0477_config][QP16],68.16571274042326
[RA][test0358_config][QP24],56.6316611167374
[RA][test0363_config][QP24],71.1613815830058
[RA][test0393_config][QP44],68.85465399647151
[RA][test0491_config][QP18],72.81341149324645
[RA][test0462_config][QP26],59.61241853439268
[RA][test0354_config][QP24],56.6436041900258
[RA][test0479_config][QP42],75.77008670257443
[RA][test0374_config][QP50],55.149500622156715
[RA][test0433_config][QP10],49.3087141238868
[RA][test0404_config][QP48],69.61242659404739
[RA][test0496_config][QP22],59.17856066693592
[RA][test0483_config][QP26],71.742379459334
[RA][test0463_config][QP18],59.041879782845456
[RA][test0409_config][QP40],68.49248439509388
[RA][test0412_config][QP26],62.02204822078752
[RA][test0343_config][QP14],66.21072666347175
[RA][test0483_config][QP10],71.53351341216162
[RA][test0330_config][QP46],65.65317453693656
[RA][test0489_config][QP36],52.74661994136606
[RA][test0416_config][QP30],63.79478595975397
[RA][test0497_config][QP22],63.399879605014625
[RA][test0369_config][QP42],76.893410542806
[RA][test0361_config][QP12],53.4607189195421
[RA][test0379_config][QP20],32.30802177523389
[RA][test0496_config][QP34],59.30925968072836
[RA][test0311_config][QP10],76.22146352961033
[RA][test0449_config][QP32],52.08053274598926
[RA][test0430_config][QP12],52.92995435575006
[RA][test0400_config][QP32],60.8805517161177
[RA][test0420_config][QP34],52.2163661029329
[RA][test0264_config][QP42],70.68338416305981
[RA][test0357_config][QP18],69.6281142028055
[RA][test0332_config][QP26],72.4645695376298
[RA][test0368_config][QP34],68.53402318582417
[RA][test0315_config][QP34],64.48045178197539
[RA][test0335_config][QP20],63.771769587764034
[RA][test0485_config][QP10],74.67334865843219
[RA][test0298_config][QP12],56.094056928218635
[RA][test0271_config][QP24],75.45244068111215
[RA][test0430_config][QP46],53.32568510506084
[RA][test0359_config][QP34],66.04920642592191
[RA][test0343_config][QP12],66.19047470456975
[RA][test0422_config][QP42],84.2661801933634
[RA][test0350_config][QP22],58.407899194536874
[RA][test0426_config][QP24],53.687927143363794
[RA][test0266_config][QP46],62.69972931485902
[RA][test0493_config][QP10],62.717172646604936
[RA][test0252_config][QP30],64.44759752865387
[RA][test0475_config][QP18],64.82693182322812
[RA][test0357_config][QP42],70.184391288098
[RA][test0259_config][QP44],76.25036141653807
[RA][test0342_config][QP38],60.36377777501487
[RA][test0472_config][QP40],54.46595108069903
[RA][test0347_config][QP12],59.37340778768406
[RA][test0434_config][QP38],70.19654520092874
[RA][test0342_config][QP12],59.4511730751069
[RA][test0379_config][QP48],33.98908576444147
[RA][test0274_config][QP20],53.20661834013511
[RA][test0315_config][QP14],64.4394046766493
[RA][test0498_config][QP14],52.47038525692033
[RA][test0434_config][QP32],69.95261707974657
[RA][test0421_config][QP26],52.95747843349127
[RA][test0489_config][QP24],52.4421292737168
[RA][test0312_config][QP34],33.935252098052096
[RA][test0444_config][QP22],56.4479426138921
[RA][test0316_config][QP34],74.39542881592801
[RA][test0448_config][QP46],74.98049857082289
[RA][test0331_config][QP22],61.457328371903536
[RA][test0426_config][QP48],49.25978497917269
[RA][test0456_config][QP44],76.5820545425729
[RA][test0356_config][QP12],63.28206713892305
[RA][test0261_config][QP36],61.41562196984311
[RA][test0289_config][QP18],68.2752302858957
[RA][test0399_config][QP48],61.46543193022803
[RA][test0305_config][QP10],63.594684650939186
[RA][test0274_config][QP12],53.14927324635698
[RA][test0316_config][QP38],74.42995744468155
[RA][test0427_config][QP22],55.960189092439876
[RA][test0406_config][QP24],72.73105984233338
[RA][test0486_config][QP36],67.59453843205456
[RA][test0264_config][QP34],70.4419751596961
[RA][test0461_config][QP30],68.7158724131643
[RA][test0395_config][QP42],64.58133400497123
[RA][test0444_config][QP12],56.33153945885176
[RA][test0398_config][QP50],55.76410140451188
[RA][test0273_config][QP18],74.37662941161105
[RA][test0416_config][QP14],63.46956874944742
[RA][test0294_config][QP32],67.06221488946358
[RA][test0441_config][QP42],68.3408509564184
[RA][test0467_config][QP40],36.4585574637205
[RA][test0391_config][QP30],37.06065755585094
[RA][test0253_config][QP50],57.59046700459547
[RA][test0386_config][QP42],63.59947385535221
[RA][test0354_config][QP42],56.71696939400881
[RA][test0331_config][QP38],61.40284546099376
[RA][test0464_config][QP24],58.087400154019576
[RA][test0329_config][QP48],70.11150426115813
[RA][test0476_config][QP20],66.12967975355862
[RA][test0387_config][QP28],64.17735713704427
[RA][test0425_config][QP18],56.376749303747104
[RA][test0285_config][QP36],54.57436983537085
[RA][test0375_config][QP36],72.79839815292044
[RA][test0274_config][QP26],53.214483534322355
[RA][test0309_config][QP14],67.56316047197507
[RA][test0370_config][QP48],62.045878180107465
[RA][test0321_config][QP12],57.87469057411225
[RA][test0266_config][QP12],62.298395846645526
[RA][test0422_config][QP22],83.74531905236263
[RA][test0469_config][QP18],73.34870431505996
[RA][test0317_config][QP16],55.57485327198672
[RA][test0341_config][QP28],66.28242221709829
[RA][test0369_config][QP20],74.03311507789392
[RA][test0343_config][QP38],66.51432736695843
[RA][test0357_config][QP22],69.66122864698873
[RA][test0396_config][QP34],63.51729939879115
[RA][test0335_config][QP18],63.773608676486546
[RA][test0495_config][QP38],73.49219673765835
[RA][test0269_config][QP34],70.04341199433755
[RA][test0428_config][QP18],70.67531213755666
[RA][test0387_config][QP20],64.147236475815
[RA][test0417_config][QP32],68.34240842114359
[RA][test0324_config][QP32],70.50184189056272
[RA][test0467_config][QP36],36.52821233201517
[RA][test0472_config][QP12],54.51261315516091
[RA][test0353_config][QP12],70.68860547703872
[RA][test0256_config][QP20],58.48481866706251
[RA][test0500_config][QP42],63.10603253399884
[RA][test0265_config][QP14],70.7127353515625
[RA][test0362_config][QP36],61.81723647229858
[RA][test0439_config][QP32],49.10521948418009
[RA][test0295_config][QP50],53.44327497794697
[RA][test0274_config][QP18],53.18891829527553
[RA][test0451_config][QP34],63.123760828088834
[RA][test0294_config][QP46],67.28292387660149
[RA][test0464_config][QP34],58.220449081358105
[RA][test0417_config][QP38],68.07808411473404
[RA][test0445_config][QP12],58.56188794950006
[RA][test0475_config][QP30],64.98085499930676
[RA][test0274_config][QP36],53.116291074901945
[RA][test0301_config][QP26],65.35382034917133
[RA][test0329_config][QP46],70.04064955346378
[RA][test0387_config][QP30],64.14330220942242
[RA][test0263_config][QP24],62.63932013115274
[RA][test0369_config][QP32],74.95519325086805
[RA][test0327_config][QP38],63.243627635061
[RA][test0450_config][QP46],72.33957942808803
[RA][test0429_config][QP24],59.08596509467231
[RA][test0265_config][QP42],71.77767305451067
[RA][test0416_config][QP24],63.683271839785476
[RA][test0470_config][QP18],64.40824679728692
[RA][test0338_config][QP12],65.40444484054503
[RA][test0369_config][QP44],76.58468446532198
[RA][test0377_config][QP26],69.4215012626491
[RA][test0434_config][QP22],69.72199583353427
[RA][test0385_config][QP30],31.467002194502715
[RA][test0290_config][QP36],31.975463023495774
[RA][test0444_config][QP14],56.36084212792165
[RA][test0286_config][QP32],50.040918982486176
[RA][test0487_config][QP44],69.91418507492003
[RA][test0459_config][QP16],70.75486842126415
[RA][test0374_config][QP28],54.969969321670845
[RA][test0349_config][QP50],64.26163828833309
[RA][test0469_config][QP26],73.34471911822033
[RA][test0481_config][QP28],74.90337992601434
[RA][test0263_config][QP22],62.68953716965664
[RA][test0307_config][QP26],66.63176653701092
[RA][test0334_config][QP42],53.91584473560474
[RA][test0419_config][QP24],59.19967182501648
[RA][test0412_config][QP18],61.88353285123095
[RA][test0276_config][QP26],65.9178814107008
[RA][test0422_config][QP14],83.65733420591002
[RA][test0493_config][QP50],64.34328593036668
[RA][test0362_config][QP50],60.534345826702356
[RA][test0266_config][QP30],62.3835220261562
[RA][test0314_config][QP50],76.41935068088108
[RA][test0413_config][QP26],71.88201659905077
[RA][test0260_config][QP22],67.12941366363651
[RA][test0270_config][QP12],43.80015098289207
[RA][test0271_config][QP44],75.33933674251101
[RA][test0443_config][QP44],64.34976808750483
[RA][test0442_config][QP10],68.96403206631382
[RA][test0309_config][QP38],67.45172219610018
[RA][test0495_config][QP10],72.94012368033452
[RA][test0333_config][QP42],66.85713010660807
[RA][test0412_config][QP50],64.14170321768302
[RA][test0301_config][QP12],65.31711810277616
[RA][test0303_config][QP26],52.35867474716877
[RA][test0287_config][QP22],62.51354898611312
[RA][test0375_config][QP40],73.14096196831598
[RA][test0424_config][QP12],61.39315183587722
[RA][test0425_config][QP28],56.3988297561206
[RA][test0422_config][QP38],84.03309270712771
[RA][test0385_config][QP22],31.1763115982872
[RA][test0484_config][QP42],77.55953704482341
[RA][test0395_config][QP44],64.55683702056005
[RA][test0435_config][QP14],77.23364415675034
[RA][test0386_config][QP50],63.58752230998223
[RA][test0272_config][QP36],70.29709881014098
[RA][test0310_config][QP44],50.704230826923386
[RA][test0433_config][QP38],49.435167814780655
[RA][test0259_config][QP20],75.48457803432638
[RA][test0331_config][QP40],61.21798440313143
[RA][test0378_config][QP24],55.11784639912672
[RA][test0368_config][QP16],67.95730679233378
[RA][test0429_config][QP16],59.11027688761896
[RA][test0261_config][QP18],61.46103659195762
[RA][test0495_config][QP46],70.03786772400656
[RA][test0256_config][QP46],58.5918854116432
[RA][test0269_config][QP28],69.84240105196479
[RA][test0433_config][QP26],49.3952705741223
[RA][test0261_config][QP12],61.40130742604448
[RA][test0310_config][QP24],50.612636525597594
[RA][test0360_config][QP40],43.91589037960351
[RA][test0267_config][QP10],62.91313671925235
[RA][test0479_config][QP16],75.39689432177131
[RA][test0290_config][QP28],31.83641390300484
[RA][test0252_config][QP10],64.51400912136502
[RA][test0381_config][QP28],71.66645435223363
[RA][test0319_config][QP18],29.836357155882283
[RA][test0438_config][QP30],64.02902979997549
[RA][test0419_config][QP22],59.067820008580085
[RA][test0294_config][QP22],66.92943508898574
[RA][test0439_config][QP14],48.40254473801601
[RA][test0494_config][QP24],57.19336560586058
[RA][test0375_config][QP34],72.76684980704853
[RA][test0435_config][QP38],77.90177031440892
[RA][test0428_config][QP16],70.62543859612107
[RA][test0347_config][QP42],59.65900879936061
[RA][test0494_config][QP38],57.37106249472536
[RA][test0306_config][QP18],60.98818279828358
[RA][test0377_config][QP40],69.32842941346973
[RA][test0415_config][QP28],59.03574500667117
[RA][test0498_config][QP32],52.62322434915927
[RA][test0262_config][QP46],41.14462014682597
[RA][test0497_config][QP14],63.39520749139982
[RA][test0361_config][QP22],53.53218342822667
[RA][test0409_config][QP26],68.24076701047294
[RA][test0461_config][QP28],68.71983881067347
[RA][test0482_config][QP44],62.54242119758512
[RA][test0311_config][QP14],76.2850018215101
[RA][test0430_config][QP32],53.01966644714104
[RA][test0485_config][QP16],74.74220625386808
[RA][test0414_config][QP38],70.11143754496005
[RA][test0421_config][QP44],53.26418395543981
[RA][test0492_config][QP10],64.97434147738232
[RA][test0382_config][QP48],68.4167047588835
[RA][test0391_config][QP46],37.53456858442644
[RA][test0475_config][QP26],64.8501028241444
[RA][test0500_config][QP36],62.61583560946743
[RA][test0252_config][QP38],64.2492537120929
[RA][test0332_config][QP22],72.2321905746146
[RA][test0458_config][QP24],77.28895956759983
[RA][test0312_config][QP28],33.79671506880144
[RA][test0293_config][QP32],69.66896300968124
[RA][test0393_config][QP14],67.75894756828905
[RA][test0416_config][QP16],63.52589029973034
[RA][test0464_config][QP26],58.07720952012804
[RA][test0301_config][QP24],65.31917129328221
[RA][test0260_config][QP14],67.0064950792603
[RA][test0407_config][QP34],50.67705130846314
[RA][test0383_config][QP22],67.68943586410711
[RA][test0262_config][QP30],41.28977136556994
[RA][test0288_config][QP48],76.31298657176328
[RA][test0389_config][QP42],71.31502499628263
[RA][test0372_config][QP24],69.73545773001463
[RA][test0275_config][QP18],67.78580539806978
[RA][test0318_config][QP20],74.36271149284457
[RA][test0497_config][QP50],63.50441322935756
[RA][test0265_config][QP34],71.34972546236014
[RA][test0402_config][QP16],69.72658749201268
[RA][test0500_config][QP30],62.80702004690916
[RA][test0475_config][QP48],65.59789513883865
[RA][test0262_config][QP32],41.01968602360227
[RA][test0421_config][QP48],53.155995059919945
[RA][test0273_config][QP50],74.47897582103587
[RA][test0301_config][QP50],65.69659412902078
[RA][test0445_config][QP32],58.46029780936536
[RA][test0463_config][QP36],59.25793419129172
[RA][test0479_config][QP36],75.8513835125205
[RA][test0487_config][QP46],70.07703939053256
[RA][test0485_config][QP42],75.54163279064791
[RA][test0468_config][QP10],56.7418961746781
[RA][test0417_config][QP14],68.2807040181729
[RA][test0435_config][QP48],77.99526869132588
[RA][test0473_config][QP26],64.01003022621688
[RA][test0314_config][QP38],75.41988330480002
[RA][test0266_config][QP14],62.30173421650953
[RA][test0435_config][QP22],77.31202750475221
[RA][test0438_config][QP28],64.046885724103
[RA][test0299_config][QP12],49.09918358872653
[RA][test0497_config][QP44],63.85954210345735
[RA][test0444_config][QP30],56.441728244106464
[RA][test0448_config][QP16],74.95114195044246
[RA][test0408_config][QP32],70.93097705429768
[RA][test0326_config][QP22],60.63789011009436
[RA][test0346_config][QP10],69.7081923041952
[RA][test0438_config][QP32],64.003618710616
[RA][test0323_config][QP20],48.76625647022891
[RA][test0468_config][QP50],57.10527251569332
[RA][test0370_config][QP20],60.106521569020465
[RA][test0462_config][QP22],59.61683809482904
[RA][test0410_config][QP34],40.81396461116336
[RA][test0425_config][QP26],56.38020464083197
[RA][test0302_config][QP10],57.79806907446591
[RA][test0337_config][QP38],77.09753707948535
[RA][test0260_config][QP34],67.5526868577494
[RA][test0328_config][QP18],62.78964488289287
[RA][test0397_config][QP44],69.3465713932995
[RA][test0454_config][QP44],68.64953602229616
[RA][test0445_config][QP38],58.32986937044873
[RA][test0323_config][QP44],49.0762328888065
[RA][test0431_config][QP34],67.08731984858258
[RA][test0385_config][QP12],31.02398238570602
[RA][test0444_config][QP32],56.43135410236626
[RA][test0456_config][QP42],76.92943329209065
[RA][test0268_config][QP38],33.062200920701514
[RA][test0275_config][QP40],69.50335210151829
[RA][test0407_config][QP28],50.512069929711615
[RA][test0305_config][QP20],63.78752031767417
[RA][test0366_config][QP28],67.76938672955046
[RA][test0410_config][QP22],40.66984170745724
[RA][test0368_config][QP22],68.03276771702393
[RA][test0461_config][QP22],68.68985149267377
[RA][test0420_config][QP38],52.196841159647875
[RA][test0306_config][QP48],59.91532184264886
[RA][test0491_config][QP50],75.43811751402552
[RA][test0333_config][QP20],66.45311030183015
[RA][test0461_config][QP46],68.46451612583992
[RA][test0362_config][QP10],62.3431534775471
[RA][test0254_config][QP36],62.43434001505032
[RA][test0479_config][QP24],75.55092540348508
[RA][test0339_config][QP36],74.43231385256921
[RA][test0401_config][QP26],67.92307632308143
[RA][test0292_config][QP16],59.544575344509546
[RA][test0328_config][QP38],62.858634664904436
[RA][test0354_config][QP12],56.71469729325408
[RA][test0391_config][QP32],37.10402186867043
[RA][test0335_config][QP48],64.47380399727527
[RA][test0424_config][QP10],61.38422260149418
[RA][test0462_config][QP34],59.623066349484795
[RA][test0386_config][QP18],63.24875033456308
[RA][test0380_config][QP42],69.3424613401311
[RA][test0379_config][QP36],33.14173311762555
[RA][test0467_config][QP38],36.53731811925315
[RA][test0350_config][QP36],58.24745075392232
[RA][test0310_config][QP50],50.891620318126286
[RA][test0455_config][QP24],63.012208968299895
[RA][test0296_config][QP44],65.97721650953254
[RA][test0441_config][QP40],68.30592504857695
[RA][test0452_config][QP18],73.8236531678502
[RA][test0353_config][QP32],71.5666933176802
[RA][test0300_config][QP20],62.19873234652295
[RA][test0312_config][QP10],33.561148245352285
[RA][test0479_config][QP50],76.16867064726402
[RA][test0327_config][QP26],63.42843958298169
[RA][test0494_config][QP44],57.66205873842593
[RA][test0369_config][QP14],73.88495358138222
[RA][test0378_config][QP26],55.11981946227776
[RA][test0437_config][QP20],56.33251385221756
[RA][test0360_config][QP24],43.14601967266067
[RA][test0303_config][QP18],52.08172473621761
[RA][test0324_config][QP46],70.13352163281853
[RA][test0457_config][QP46],66.73239533374928
[RA][test0462_config][QP28],59.618712287306295
[RA][test0302_config][QP36],58.07446518057364
[RA][test0387_config][QP50],64.87726078438465
[RA][test0481_config][QP20],74.80908988770535
[RA][test0253_config][QP18],58.82496951180917
[RA][test0307_config][QP42],68.66392664151918
[RA][test0364_config][QP34],63.71971304208261
[RA][test0486_config][QP30],67.60951384920348
[RA][test0442_config][QP22],69.08364150134427
[RA][test0333_config][QP28],66.55491762614938
[RA][test0325_config][QP32],60.784498649942535
[RA][test0267_config][QP26],63.22539379732108
[RA][test0353_config][QP34],72.1183514961902
[RA][test0358_config][QP46],57.345002164110724
[RA][test0268_config][QP28],32.86441960187998
[RA][test0325_config][QP48],61.44175893825955
[RA][test0350_config][QP34],58.364817134401925
[RA][test0376_config][QP14],60.63159470747332
[RA][test0495_config][QP28],73.24048920456372
[RA][test0396_config][QP22],63.574346514415346
[RA][test0477_config][QP32],68.97135060954781
[RA][test0383_config][QP30],67.87622138807508
[RA][test0296_config][QP28],65.26397128861039
[RA][test0407_config][QP50],51.865577897688
[RA][test0477_config][QP10],68.04564736599393
[RA][test0296_config][QP16],65.14143150448898
[RA][test0365_config][QP20],81.49199182982896
[RA][test0392_config][QP16],54.96211316018438
[RA][test0276_config][QP38],65.79678964497131
[RA][test0317_config][QP26],55.61651509778686
[RA][test0325_config][QP28],60.8045984338831
[RA][test0373_config][QP46],76.13987509142714
[RA][test0292_config][QP14],59.51370667910478
[RA][test0348_config][QP10],72.09389953311873
[RA][test0346_config][QP32],69.90489886976957
[RA][test0303_config][QP34],53.39826394766349
[RA][test0364_config][QP46],63.571512772925104
[RA][test0339_config][QP18],73.90267585383914
[RA][test0336_config][QP16],73.61414224255722
[RA][test0320_config][QP22],48.309856708039966
[RA][test0333_config][QP46],67.02637333170573
[RA][test0344_config][QP50],70.59565905887305
[RA][test0345_config][QP46],70.0737308485243
[RA][test0350_config][QP48],57.67801372838903
[RA][test0480_config][QP46],63.01932117050862
[RA][test0257_config][QP12],69.40512774758672
[RA][test0398_config][QP38],55.26473635625643
[RA][test0369_config][QP24],74.26443434174463
[RA][test0358_config][QP32],56.733914382243846
[RA][test0256_config][QP26],58.508297487863295
[RA][test0272_config][QP22],70.24413513459885
[RA][test0471_config][QP20],60.2830705985866
[RA][test0362_config][QP14],62.33753456624349
[RA][test0495_config][QP16],73.03749111021693
[RA][test0401_config][QP12],67.72826486243731
[RA][test0383_config][QP12],67.6326005035526
[RA][test0374_config][QP18],54.95439469375924
[RA][test0347_config][QP28],59.541992461027924
[RA][test0261_config][QP20],61.468416684751155
[RA][test0401_config][QP16],67.76433801445353
[RA][test0429_config][QP26],59.04993920421208
[RA][test0443_config][QP30],65.48005461139444
[RA][test0305_config][QP16],63.723670843430504
[RA][test0398_config][QP32],55.06264970944252
[RA][test0354_config][QP18],56.709333210760676
[RA][test0490_config][QP50],65.53720776844418
[RA][test0464_config][QP46],59.05904429519716
[RA][test0359_config][QP50],67.45659522966298
[RA][test0439_config][QP42],50.03572726503223
[RA][test0400_config][QP12],60.543743759594825
[RA][test0287_config][QP36],62.65542263505096
[RA][test0305_config][QP46],64.05885845771444
[RA][test0350_config][QP44],58.196534347471385
[RA][test0266_config][QP10],62.28550572449484
[RA][test0493_config][QP36],63.2944764421879
[RA][test0447_config][QP46],74.77434948504413
[RA][test0257_config][QP34],69.37436843432516
[RA][test0275_config][QP32],68.58012008805137
[RA][test0491_config][QP28],73.2130115283605
[RA][test0408_config][QP30],70.93066919774185
[RA][test0483_config][QP14],71.5743041939441
[RA][test0418_config][QP24],67.21405546437958
[RA][test0258_config][QP26],70.5544976394716
[RA][test0477_config][QP42],68.79865423307693
[RA][test0428_config][QP20],70.70045828134042
[RA][test0370_config][QP34],60.31628679741753
[RA][test0442_config][QP34],68.9567478584949
[RA][test0425_config][QP14],56.374626296557516
[RA][test0493_config][QP30],63.06032112529739
[RA][test0289_config][QP46],67.852368458689
[RA][test0274_config][QP50],53.14338099274812
[RA][test0314_config][QP28],75.0403434269909
[RA][test0430_config][QP42],53.175735288517956
[RA][test0325_config][QP16],60.76659794484833
[RA][test0363_config][QP46],70.86286818717046
[RA][test0290_config][QP22],31.82587750771605
[RA][test0384_config][QP34],68.14283008616255
[RA][test0447_config][QP32],74.23312148281772
[RA][test0321_config][QP34],57.92456401131084
[RA][test0300_config][QP24],62.233705463676294
[RA][test0457_config][QP14],66.68139376090093
[RA][test0305_config][QP18],63.755794848783516
[RA][test0490_config][QP34],65.29624165450987
[RA][test0318_config][QP34],75.10035238408847
[RA][test0356_config][QP16],63.30611901880586
[RA][test0474_config][QP30],52.36388304408195
[RA][test0294_config][QP18],66.91360067560643
[RA][test0419_config][QP38],60.22882235906154
[RA][test0461_config][QP50],68.48190213301545
[RA][test0313_config][QP44],58.30240551205231
[RA][test0440_config][QP42],57.12477082278405
[RA][test0483_config][QP44],72.90257949891895
[RA][test0303_config][QP30],52.711810000572676
[RA][test0488_config][QP10],50.7746847890846
[RA][test0315_config][QP46],64.64227838411057
[RA][test0265_config][QP44],71.93683663952989
[RA][test0416_config][QP22],63.63470788448632
[RA][test0307_config][QP38],67.53102347969714
[RA][test0369_config][QP16],73.99680489547164
[RA][test0424_config][QP16],61.390977796012976
[RA][test0307_config][QP48],68.86151953200353
[RA][test0260_config][QP18],67.0612700665007
[RA][test0367_config][QP44],55.35484543612759
[RA][test0457_config][QP10],66.63707484743723
[RA][test0302_config][QP24],57.98624190719039
[RA][test0335_config][QP22],63.77426182851281
[RA][test0369_config][QP34],75.38797420322747
[RA][test0407_config][QP18],50.23385065777312
[RA][test0381_config][QP42],71.8202298596543
[RA][test0378_config][QP28],55.096991116998616
[RA][test0466_config][QP12],60.18929189849979
[RA][test0355_config][QP16],69.85819897963285
[RA][test0491_config][QP24],73.01202449971265
[RA][test0424_config][QP50],60.353861124172134
[RA][test0320_config][QP12],48.27327733345189
[RA][test0460_config][QP14],59.48728497892152
[RA][test0420_config][QP12],52.21975607136542
[RA][test0359_config][QP36],66.29855372625909
[RA][test0292_config][QP18],59.54173025600606
[RA][test0395_config][QP26],63.88812610039103
[RA][test0358_config][QP42],57.07319821983306
[RA][test0494_config][QP28],57.25189750589755
[RA][test0360_config][QP30],43.28381764302823
[RA][test0403_config][QP24],72.17151619742437
[RA][test0310_config][QP42],50.67383461205753
[RA][test0318_config][QP12],74.05332872505345
[RA][test0284_config][QP28],75.79036754316165
[RA][test0450_config][QP32],72.00159359929592
[RA][test0350_config][QP42],58.141372383525834
[RA][test0297_config][QP12],70.47910944331919
[RA][test0342_config][QP42],59.71886939431022
[RA][test0341_config][QP18],66.0948156238446
[RA][test0411_config][QP44],75.00501731464402
[RA][test0329_config][QP32],69.78180206876527
[RA][test0456_config][QP48],77.25356311537503
[RA][test0429_config][QP10],59.10625327479986
[RA][test0484_config][QP44],77.51022665041071
[RA][test0478_config][QP10],63.38668950285735
[RA][test0309_config][QP40],67.56074841635119
[RA][test0336_config][QP42],74.27806931182485
[RA][test0258_config][QP28],70.56258990704572
[RA][test0275_config][QP36],68.82829253447105
[RA][test0287_config][QP20],62.48888042183079
[RA][test0415_config][QP34],59.039444249282646
[RA][test0435_config][QP50],78.33719627901556
[RA][test0468_config][QP30],56.76364477865588
[RA][test0294_config][QP34],67.16241743324814
[RA][test0275_config][QP12],67.66698731900439
[RA][test0267_config][QP18],63.080743246447405
[RA][test0425_config][QP32],56.242809631096485
[RA][test0371_config][QP18],34.552242861649624
[RA][test0429_config][QP20],59.095046141824604
[RA][test0420_config][QP36],52.203478360148615
[RA][test0302_config][QP22],57.9139540769475
[RA][test0303_config][QP24],52.26587029175307
[RA][test0443_config][QP20],65.48248174722302
[RA][test0332_config][QP40],72.91779720102318
[RA][test0338_config][QP48],67.13466147943191
[RA][test0323_config][QP46],49.30517389016485
[RA][test0290_config][QP30],31.872900024162888
[RA][test0253_config][QP14],58.844029496557916
[RA][test0414_config][QP36],70.05103357988523
[RA][test0469_config][QP46],72.7785291454174
[RA][test0342_config][QP48],60.84853649500466
[RA][test0457_config][QP36],66.46701886237501
